relative_path,bundle_path,kind,category,promotion_target,status,rationale,size_kb
02_market_and_fundamental_data/00_market_fundamental_data_definitive.ipynb,research_platform_definitive/laboratorio/notebooks_ml4t_reference/02_market_and_fundamental_data/00_market_fundamental_data_definitive.ipynb,ipynb,data_platform,notebook_data_bootstrap,curated_keep,Core market/fundamental data ingestion pattern for Database Finanziario alignment.,42.13
02_market_and_fundamental_data/01_NASDAQ_TotalView-ITCH_Order_Book/01_parse_itch_order_flow_messages.ipynb,research_platform_definitive/laboratorio/notebooks_ml4t_reference/02_market_and_fundamental_data/01_NASDAQ_TotalView-ITCH_Order_Book/01_parse_itch_order_flow_messages.ipynb,ipynb,market_microstructure,future_microstructure_lab,curated_keep,ITCH parser reference; useful only with local NASDAQ ITCH database preserved outside Drive.,93.97
02_market_and_fundamental_data/01_NASDAQ_TotalView-ITCH_Order_Book/02_rebuild_nasdaq_order_book.ipynb,research_platform_definitive/laboratorio/notebooks_ml4t_reference/02_market_and_fundamental_data/01_NASDAQ_TotalView-ITCH_Order_Book/02_rebuild_nasdaq_order_book.ipynb,ipynb,market_microstructure,future_microstructure_lab,curated_keep,Order book reconstruction reference for local ITCH research.,746.56
02_market_and_fundamental_data/01_NASDAQ_TotalView-ITCH_Order_Book/03_normalize_tick_data.ipynb,research_platform_definitive/laboratorio/notebooks_ml4t_reference/02_market_and_fundamental_data/01_NASDAQ_TotalView-ITCH_Order_Book/03_normalize_tick_data.ipynb,ipynb,market_microstructure,future_microstructure_lab,curated_keep,Tick normalization pattern for future microstructure feature store.,294.64
02_market_and_fundamental_data/01_NASDAQ_TotalView-ITCH_Order_Book/README.md,research_platform_definitive/laboratorio/notebooks_ml4t_reference/02_market_and_fundamental_data/01_NASDAQ_TotalView-ITCH_Order_Book/README.md,md,support,support,curated_keep,Support file retained for curated notebooks.,7.13
02_market_and_fundamental_data/02_algoseek_intraday/README.md,research_platform_definitive/laboratorio/notebooks_ml4t_reference/02_market_and_fundamental_data/02_algoseek_intraday/README.md,md,support,support,curated_keep,Support file retained for curated notebooks.,21.0
02_market_and_fundamental_data/02_algoseek_intraday/algoseek_minute_data.ipynb,research_platform_definitive/laboratorio/notebooks_ml4t_reference/02_market_and_fundamental_data/02_algoseek_intraday/algoseek_minute_data.ipynb,ipynb,market_microstructure,future_microstructure_lab,curated_keep,Intraday minute data pattern; optional if licensed data are present.,121.01
02_market_and_fundamental_data/03_data_providers/02_yfinance_demo.ipynb,research_platform_definitive/laboratorio/notebooks_ml4t_reference/02_market_and_fundamental_data/03_data_providers/02_yfinance_demo.ipynb,ipynb,data_platform,data_platform,curated_keep,Free provider fallback reference for cache-first ingestion.,82.23
02_market_and_fundamental_data/03_data_providers/03_integrated_api_provider_registry_definitive.ipynb,research_platform_definitive/laboratorio/notebooks_ml4t_reference/02_market_and_fundamental_data/03_data_providers/03_integrated_api_provider_registry_definitive.ipynb,ipynb,data_platform,data_platform,curated_keep,Provider registry reference aligned with Drive-first/cache/API-last policy.,42.14
02_market_and_fundamental_data/03_data_providers/03_lobster_itch_data.ipynb,research_platform_definitive/laboratorio/notebooks_ml4t_reference/02_market_and_fundamental_data/03_data_providers/03_lobster_itch_data.ipynb,ipynb,market_microstructure,future_microstructure_lab,curated_keep,LOBSTER/ITCH data model reference; keep as optional microstructure appendix.,332.6
02_market_and_fundamental_data/03_data_providers/README.md,research_platform_definitive/laboratorio/notebooks_ml4t_reference/02_market_and_fundamental_data/03_data_providers/README.md,md,support,support,curated_keep,Support file retained for curated notebooks.,3.39
02_market_and_fundamental_data/03_data_providers/api_provider_registry.py,research_platform_definitive/laboratorio/notebooks_ml4t_reference/02_market_and_fundamental_data/03_data_providers/api_provider_registry.py,py,support,support,curated_keep,Support file retained for curated notebooks.,11.51
02_market_and_fundamental_data/04_sec_edgar/README.md,research_platform_definitive/laboratorio/notebooks_ml4t_reference/02_market_and_fundamental_data/04_sec_edgar/README.md,md,support,support,curated_keep,Support file retained for curated notebooks.,3.58
02_market_and_fundamental_data/04_sec_edgar/edgar_xbrl.ipynb,research_platform_definitive/laboratorio/notebooks_ml4t_reference/02_market_and_fundamental_data/04_sec_edgar/edgar_xbrl.ipynb,ipynb,regulatory_data,smart_money_engine,curated_keep,SEC EDGAR/XBRL reference for fundamentals and smart-money extensions.,362.65
02_market_and_fundamental_data/05_storage_benchmark/README.md,research_platform_definitive/laboratorio/notebooks_ml4t_reference/02_market_and_fundamental_data/05_storage_benchmark/README.md,md,support,support,curated_keep,Support file retained for curated notebooks.,1.54
02_market_and_fundamental_data/05_storage_benchmark/storage_benchmark.ipynb,research_platform_definitive/laboratorio/notebooks_ml4t_reference/02_market_and_fundamental_data/05_storage_benchmark/storage_benchmark.ipynb,ipynb,data_platform,data_platform,curated_keep,Storage benchmarking reference for cache/parquet design.,24.62
02_market_and_fundamental_data/README.md,research_platform_definitive/laboratorio/notebooks_ml4t_reference/02_market_and_fundamental_data/README.md,md,support,support,curated_keep,Support file retained for curated notebooks.,22.66
02_market_and_fundamental_data/__init__.py,research_platform_definitive/laboratorio/notebooks_ml4t_reference/02_market_and_fundamental_data/__init__.py,py,support,support,curated_keep,Support file retained for curated notebooks.,0.07
03_alternative_data/00_alternative_data_definitive.ipynb,research_platform_definitive/laboratorio/notebooks_ml4t_reference/03_alternative_data/00_alternative_data_definitive.ipynb,ipynb,alternative_data,smart_money_engine,curated_keep,Curated overview of finance alternative data sources.,42.27
03_alternative_data/README.md,research_platform_definitive/laboratorio/notebooks_ml4t_reference/03_alternative_data/README.md,md,support,support,curated_keep,Support file retained for curated notebooks.,7.38
03_alternative_data/__init__.py,research_platform_definitive/laboratorio/notebooks_ml4t_reference/03_alternative_data/__init__.py,py,support,support,curated_keep,Support file retained for curated notebooks.,0.07
03_alternative_data/free_finance_ml_sources.py,research_platform_definitive/laboratorio/notebooks_ml4t_reference/03_alternative_data/free_finance_ml_sources.py,py,support,support,curated_keep,Support file retained for curated notebooks.,2.85
04_alpha_factor_research/00_alpha_factor_research_definitive.ipynb,research_platform_definitive/laboratorio/notebooks_ml4t_reference/04_alpha_factor_research/00_alpha_factor_research_definitive.ipynb,ipynb,factor_research,ml_stock_lab,curated_keep,Canonical alpha-factor workflow reference.,12.75
04_alpha_factor_research/01_feature_engineering.ipynb,research_platform_definitive/laboratorio/notebooks_ml4t_reference/04_alpha_factor_research/01_feature_engineering.ipynb,ipynb,factor_research,ml_stock_lab,curated_keep,Feature engineering recipes for ml_stock_lab.features.,132.64
04_alpha_factor_research/01_ml_walk_forward_factor_backtest_definitive.ipynb,research_platform_definitive/laboratorio/notebooks_ml4t_reference/04_alpha_factor_research/01_ml_walk_forward_factor_backtest_definitive.ipynb,ipynb,factor_research,ml_stock_lab,curated_keep,Walk-forward validation pattern; directly useful for ML Lab.,9.37
04_alpha_factor_research/03_kalman_filter_and_wavelets.ipynb,research_platform_definitive/laboratorio/notebooks_ml4t_reference/04_alpha_factor_research/03_kalman_filter_and_wavelets.ipynb,ipynb,factor_research,ml_stock_lab,curated_keep,Optional signal denoising/regime feature reference.,1293.3
04_alpha_factor_research/06_performance_eval_alphalens.ipynb,research_platform_definitive/laboratorio/notebooks_ml4t_reference/04_alpha_factor_research/06_performance_eval_alphalens.ipynb,ipynb,factor_research,ml_stock_lab,curated_keep,Alphalens-style factor evaluation reference.,1293.45
04_alpha_factor_research/README.md,research_platform_definitive/laboratorio/notebooks_ml4t_reference/04_alpha_factor_research/README.md,md,support,support,curated_keep,Support file retained for curated notebooks.,14.58
04_alpha_factor_research/alpha_factor_utils.py,research_platform_definitive/laboratorio/notebooks_ml4t_reference/04_alpha_factor_research/alpha_factor_utils.py,py,support,support,curated_keep,Support file retained for curated notebooks.,6.56
05_strategy_evaluation/02_backtest_with_pf_optimization.ipynb,research_platform_definitive/laboratorio/notebooks_ml4t_reference/05_strategy_evaluation/02_backtest_with_pf_optimization.ipynb,ipynb,portfolio_risk,portfolio_research,curated_keep,Backtest plus portfolio optimization reference.,6.35
05_strategy_evaluation/03_pyfolio_demo.ipynb,research_platform_definitive/laboratorio/notebooks_ml4t_reference/05_strategy_evaluation/03_pyfolio_demo.ipynb,ipynb,portfolio_risk,portfolio_research,curated_keep,Tear-sheet style reporting reference.,9.07
05_strategy_evaluation/04_mean_variance_optimization.ipynb,research_platform_definitive/laboratorio/notebooks_ml4t_reference/05_strategy_evaluation/04_mean_variance_optimization.ipynb,ipynb,portfolio_risk,portfolio_research,curated_keep,Mean-variance optimization reference.,7.38
05_strategy_evaluation/05_kelly_rule.ipynb,research_platform_definitive/laboratorio/notebooks_ml4t_reference/05_strategy_evaluation/05_kelly_rule.ipynb,ipynb,portfolio_risk,portfolio_research,curated_keep,Position sizing reference; use conservatively.,6.12
05_strategy_evaluation/README.md,research_platform_definitive/laboratorio/notebooks_ml4t_reference/05_strategy_evaluation/README.md,md,support,support,curated_keep,Support file retained for curated notebooks.,18.75
05_strategy_evaluation/strategy_evaluation_utils.py,research_platform_definitive/laboratorio/notebooks_ml4t_reference/05_strategy_evaluation/strategy_evaluation_utils.py,py,support,support,curated_keep,Support file retained for curated notebooks.,4.04
06_machine_learning_process/01_machine_learning_workflow.ipynb,research_platform_definitive/laboratorio/notebooks_ml4t_reference/06_machine_learning_process/01_machine_learning_workflow.ipynb,ipynb,ml_process,ml_stock_lab,curated_keep,"Research workflow hygiene: train/test, leakage, validation.",4.22
06_machine_learning_process/02_mutual_information.ipynb,research_platform_definitive/laboratorio/notebooks_ml4t_reference/06_machine_learning_process/02_mutual_information.ipynb,ipynb,ml_process,ml_stock_lab,curated_keep,Feature relevance diagnostics for ML Lab.,6.26
06_machine_learning_process/03_bias_variance.ipynb,research_platform_definitive/laboratorio/notebooks_ml4t_reference/06_machine_learning_process/03_bias_variance.ipynb,ipynb,ml_process,ml_stock_lab,curated_keep,Model diagnostics reference.,8.19
06_machine_learning_process/04_cross_validation.py,research_platform_definitive/laboratorio/notebooks_ml4t_reference/06_machine_learning_process/04_cross_validation.py,py,support,support,curated_keep,Support file retained for curated notebooks.,1.06
06_machine_learning_process/README.md,research_platform_definitive/laboratorio/notebooks_ml4t_reference/06_machine_learning_process/README.md,md,support,support,curated_keep,Support file retained for curated notebooks.,18.1
06_machine_learning_process/ml_process_utils.py,research_platform_definitive/laboratorio/notebooks_ml4t_reference/06_machine_learning_process/ml_process_utils.py,py,support,support,curated_keep,Support file retained for curated notebooks.,1.96
07_linear_models/02_fama_macbeth.ipynb,research_platform_definitive/laboratorio/notebooks_ml4t_reference/07_linear_models/02_fama_macbeth.ipynb,ipynb,factor_research,ml_stock_lab,curated_keep,Cross-sectional asset pricing reference.,4.99
07_linear_models/03_preparing_the_model_data.ipynb,research_platform_definitive/laboratorio/notebooks_ml4t_reference/07_linear_models/03_preparing_the_model_data.ipynb,ipynb,factor_research,ml_stock_lab,curated_keep,Panel preparation pattern.,16.44
07_linear_models/05_predicting_stock_returns_with_linear_regression.ipynb,research_platform_definitive/laboratorio/notebooks_ml4t_reference/07_linear_models/05_predicting_stock_returns_with_linear_regression.ipynb,ipynb,factor_research,ml_stock_lab,curated_keep,OLS return-prediction baseline.,4.18
07_linear_models/06_evaluating_signals_using_alphalens.ipynb,research_platform_definitive/laboratorio/notebooks_ml4t_reference/07_linear_models/06_evaluating_signals_using_alphalens.ipynb,ipynb,factor_research,ml_stock_lab,curated_keep,Signal evaluation reference.,6.7
07_linear_models/07_logistic_regression_macro_data.ipynb,research_platform_definitive/laboratorio/notebooks_ml4t_reference/07_linear_models/07_logistic_regression_macro_data.ipynb,ipynb,macro_risk,portfolio_research,curated_keep,Macro classification pattern for risk overlay.,3.68
07_linear_models/README.md,research_platform_definitive/laboratorio/notebooks_ml4t_reference/07_linear_models/README.md,md,support,support,curated_keep,Support file retained for curated notebooks.,15.48
07_linear_models/linear_model_utils.py,research_platform_definitive/laboratorio/notebooks_ml4t_reference/07_linear_models/linear_model_utils.py,py,support,support,curated_keep,Support file retained for curated notebooks.,2.24
08_ml4t_workflow/02_vectorized_backtest.ipynb,research_platform_definitive/laboratorio/notebooks_ml4t_reference/08_ml4t_workflow/02_vectorized_backtest.ipynb,ipynb,backtesting,portfolio_research,curated_keep,Vectorized backtest pattern aligned with vectorbt-style research.,6.65
08_ml4t_workflow/03_backtesting_with_backtrader.ipynb,research_platform_definitive/laboratorio/notebooks_ml4t_reference/08_ml4t_workflow/03_backtesting_with_backtrader.ipynb,ipynb,backtesting,portfolio_research,curated_keep,Backtrader reference; optional bridge only.,3.93
08_ml4t_workflow/04_ml4t_workflow_with_zipline/03_ml4t_with_zipline.ipynb,research_platform_definitive/laboratorio/notebooks_ml4t_reference/08_ml4t_workflow/04_ml4t_workflow_with_zipline/03_ml4t_with_zipline.ipynb,ipynb,backtesting,portfolio_research,curated_keep,End-to-end ML4T workflow reference; optional legacy dependency.,7.29
08_ml4t_workflow/04_ml4t_workflow_with_zipline/README.md,research_platform_definitive/laboratorio/notebooks_ml4t_reference/08_ml4t_workflow/04_ml4t_workflow_with_zipline/README.md,md,support,support,curated_keep,Support file retained for curated notebooks.,17.06
08_ml4t_workflow/README.md,research_platform_definitive/laboratorio/notebooks_ml4t_reference/08_ml4t_workflow/README.md,md,support,support,curated_keep,Support file retained for curated notebooks.,13.57
08_ml4t_workflow/ml4t_workflow_utils.py,research_platform_definitive/laboratorio/notebooks_ml4t_reference/08_ml4t_workflow/ml4t_workflow_utils.py,py,support,support,curated_keep,Support file retained for curated notebooks.,3.12
09_time_series_models/03_arch_garch_models.ipynb,research_platform_definitive/laboratorio/notebooks_ml4t_reference/09_time_series_models/03_arch_garch_models.ipynb,ipynb,macro_risk,portfolio_research,curated_keep,Volatility modeling reference.,6.42
09_time_series_models/05_cointegration_tests.ipynb,research_platform_definitive/laboratorio/notebooks_ml4t_reference/09_time_series_models/05_cointegration_tests.ipynb,ipynb,macro_risk,portfolio_research,curated_keep,Cointegration diagnostics reference.,3.75
09_time_series_models/06_statistical_arbitrage_with_cointegrated_pairs.ipynb,research_platform_definitive/laboratorio/notebooks_ml4t_reference/09_time_series_models/06_statistical_arbitrage_with_cointegrated_pairs.ipynb,ipynb,macro_risk,portfolio_research,curated_keep,Pairs/stat-arb pattern.,8.84
09_time_series_models/07_pairs_trading_backtest.ipynb,research_platform_definitive/laboratorio/notebooks_ml4t_reference/09_time_series_models/07_pairs_trading_backtest.ipynb,ipynb,macro_risk,portfolio_research,curated_keep,Pairs backtest reference.,6.83
09_time_series_models/README.md,research_platform_definitive/laboratorio/notebooks_ml4t_reference/09_time_series_models/README.md,md,support,support,curated_keep,Support file retained for curated notebooks.,24.77
09_time_series_models/time_series_utils.py,research_platform_definitive/laboratorio/notebooks_ml4t_reference/09_time_series_models/time_series_utils.py,py,support,support,curated_keep,Support file retained for curated notebooks.,3.59
10_bayesian_machine_learning/03_bayesian_sharpe_ratio.ipynb,research_platform_definitive/laboratorio/notebooks_ml4t_reference/10_bayesian_machine_learning/03_bayesian_sharpe_ratio.ipynb,ipynb,portfolio_risk,portfolio_research,curated_keep,Bayesian Sharpe uncertainty reference.,57.64
10_bayesian_machine_learning/04_rolling_regression.ipynb,research_platform_definitive/laboratorio/notebooks_ml4t_reference/10_bayesian_machine_learning/04_rolling_regression.ipynb,ipynb,portfolio_risk,portfolio_research,curated_keep,Rolling factor exposure reference.,119.04
10_bayesian_machine_learning/05_stochastic_volatility.ipynb,research_platform_definitive/laboratorio/notebooks_ml4t_reference/10_bayesian_machine_learning/05_stochastic_volatility.ipynb,ipynb,portfolio_risk,portfolio_research,curated_keep,Bayesian volatility reference; optional deps only.,157.8
10_bayesian_machine_learning/README.md,research_platform_definitive/laboratorio/notebooks_ml4t_reference/10_bayesian_machine_learning/README.md,md,support,support,curated_keep,Support file retained for curated notebooks.,18.85
10_bayesian_machine_learning/bayesian_utils.py,research_platform_definitive/laboratorio/notebooks_ml4t_reference/10_bayesian_machine_learning/bayesian_utils.py,py,support,support,curated_keep,Support file retained for curated notebooks.,5.92
11_decision_trees_random_forests/05_random_forest_return_signals.ipynb,research_platform_definitive/laboratorio/notebooks_ml4t_reference/11_decision_trees_random_forests/05_random_forest_return_signals.ipynb,ipynb,ml_models,ml_stock_lab,curated_keep,Random forest alpha signal reference.,6.21
11_decision_trees_random_forests/06_alphalens_signals_quality.ipynb,research_platform_definitive/laboratorio/notebooks_ml4t_reference/11_decision_trees_random_forests/06_alphalens_signals_quality.ipynb,ipynb,ml_models,ml_stock_lab,curated_keep,Tree signal quality diagnostics.,27.18
11_decision_trees_random_forests/README.md,research_platform_definitive/laboratorio/notebooks_ml4t_reference/11_decision_trees_random_forests/README.md,md,support,support,curated_keep,Support file retained for curated notebooks.,12.34
11_decision_trees_random_forests/tree_model_utils.py,research_platform_definitive/laboratorio/notebooks_ml4t_reference/11_decision_trees_random_forests/tree_model_utils.py,py,support,support,curated_keep,Support file retained for curated notebooks.,6.31
12_gradient_boosting_machines/04_preparing_the_model_data.ipynb,research_platform_definitive/laboratorio/notebooks_ml4t_reference/12_gradient_boosting_machines/04_preparing_the_model_data.ipynb,ipynb,ml_models,ml_stock_lab,curated_keep,GBM-ready data preparation pattern.,7.58
12_gradient_boosting_machines/05_trading_signals_with_lightgbm_and_catboost.ipynb,research_platform_definitive/laboratorio/notebooks_ml4t_reference/12_gradient_boosting_machines/05_trading_signals_with_lightgbm_and_catboost.ipynb,ipynb,ml_models,ml_stock_lab,curated_keep,LightGBM/CatBoost signal pattern; optional deps only.,3.46
12_gradient_boosting_machines/06_evaluate_trading_signals.ipynb,research_platform_definitive/laboratorio/notebooks_ml4t_reference/12_gradient_boosting_machines/06_evaluate_trading_signals.ipynb,ipynb,ml_models,ml_stock_lab,curated_keep,ML signal evaluation reference.,25.64
12_gradient_boosting_machines/07_model_interpretation.ipynb,research_platform_definitive/laboratorio/notebooks_ml4t_reference/12_gradient_boosting_machines/07_model_interpretation.ipynb,ipynb,ml_models,ml_stock_lab,curated_keep,Feature importance / model interpretation reference.,54.13
12_gradient_boosting_machines/08_making_out_of_sample_predictions.ipynb,research_platform_definitive/laboratorio/notebooks_ml4t_reference/12_gradient_boosting_machines/08_making_out_of_sample_predictions.ipynb,ipynb,ml_models,ml_stock_lab,curated_keep,OOS prediction workflow pattern.,8.6
12_gradient_boosting_machines/09_backtesting_with_zipline.ipynb,research_platform_definitive/laboratorio/notebooks_ml4t_reference/12_gradient_boosting_machines/09_backtesting_with_zipline.ipynb,ipynb,ml_models,portfolio_research,curated_keep,Backtest bridge reference; optional legacy dependency.,43.11
12_gradient_boosting_machines/README.md,research_platform_definitive/laboratorio/notebooks_ml4t_reference/12_gradient_boosting_machines/README.md,md,support,support,curated_keep,Support file retained for curated notebooks.,19.42
12_gradient_boosting_machines/boosting_utils.py,research_platform_definitive/laboratorio/notebooks_ml4t_reference/12_gradient_boosting_machines/boosting_utils.py,py,support,support,curated_keep,Support file retained for curated notebooks.,7.78
13_unsupervised_learning/01_linear_dimensionality_reduction/03_pca_and_risk_factor_models.ipynb,research_platform_definitive/laboratorio/notebooks_ml4t_reference/13_unsupervised_learning/01_linear_dimensionality_reduction/03_pca_and_risk_factor_models.ipynb,ipynb,portfolio_risk,portfolio_research,curated_keep,PCA risk factor model reference.,138.79
13_unsupervised_learning/01_linear_dimensionality_reduction/04_pca_and_eigen_portfolios.ipynb,research_platform_definitive/laboratorio/notebooks_ml4t_reference/13_unsupervised_learning/01_linear_dimensionality_reduction/04_pca_and_eigen_portfolios.ipynb,ipynb,portfolio_risk,portfolio_research,curated_keep,Eigen-portfolios reference.,57.55
13_unsupervised_learning/03_clustering_algorithms/04_hierarchical_clustering.ipynb,research_platform_definitive/laboratorio/notebooks_ml4t_reference/13_unsupervised_learning/03_clustering_algorithms/04_hierarchical_clustering.ipynb,ipynb,portfolio_risk,portfolio_research,curated_keep,Clustering reference for universe/sector structure.,3.8
13_unsupervised_learning/04_hierarchical_risk_parity/01_hierarchical_risk_parity.ipynb,research_platform_definitive/laboratorio/notebooks_ml4t_reference/13_unsupervised_learning/04_hierarchical_risk_parity/01_hierarchical_risk_parity.ipynb,ipynb,portfolio_risk,portfolio_research,curated_keep,HRP allocation reference; aligns with Riskfolio/skfolio patterns.,33.44
13_unsupervised_learning/04_hierarchical_risk_parity/02_pf_optimization_with_hrp_zipline_benchmark.ipynb,research_platform_definitive/laboratorio/notebooks_ml4t_reference/13_unsupervised_learning/04_hierarchical_risk_parity/02_pf_optimization_with_hrp_zipline_benchmark.ipynb,ipynb,portfolio_risk,portfolio_research,curated_keep,HRP backtest benchmark reference.,86.62
13_unsupervised_learning/04_hierarchical_risk_parity/README.md,research_platform_definitive/laboratorio/notebooks_ml4t_reference/13_unsupervised_learning/04_hierarchical_risk_parity/README.md,md,support,support,curated_keep,Support file retained for curated notebooks.,0.0
13_unsupervised_learning/README.md,research_platform_definitive/laboratorio/notebooks_ml4t_reference/13_unsupervised_learning/README.md,md,support,support,curated_keep,Support file retained for curated notebooks.,23.47
13_unsupervised_learning/unsupervised_utils.py,research_platform_definitive/laboratorio/notebooks_ml4t_reference/13_unsupervised_learning/unsupervised_utils.py,py,support,support,curated_keep,Support file retained for curated notebooks.,6.77
14_working_with_text_data/03_document_term_matrix.ipynb,research_platform_definitive/laboratorio/notebooks_ml4t_reference/14_working_with_text_data/03_document_term_matrix.ipynb,ipynb,financial_text,smart_money_engine,curated_keep,Reusable document-term feature pattern for filings/news.,35.56
14_working_with_text_data/04_news_text_classification.ipynb,research_platform_definitive/laboratorio/notebooks_ml4t_reference/14_working_with_text_data/04_news_text_classification.ipynb,ipynb,financial_text,smart_money_engine,curated_keep,News classification pattern for event intelligence.,5.02
14_working_with_text_data/README.md,research_platform_definitive/laboratorio/notebooks_ml4t_reference/14_working_with_text_data/README.md,md,support,support,curated_keep,Support file retained for curated notebooks.,15.03
14_working_with_text_data/text_data_utils.py,research_platform_definitive/laboratorio/notebooks_ml4t_reference/14_working_with_text_data/text_data_utils.py,py,support,support,curated_keep,Support file retained for curated notebooks.,5.03
15_topic_modeling/06_lda_earnings_calls.ipynb,research_platform_definitive/laboratorio/notebooks_ml4t_reference/15_topic_modeling/06_lda_earnings_calls.ipynb,ipynb,financial_text,valuation_research,curated_keep,Earnings-call topic modeling reference.,5.38
15_topic_modeling/07_lda_financial_news.ipynb,research_platform_definitive/laboratorio/notebooks_ml4t_reference/15_topic_modeling/07_lda_financial_news.ipynb,ipynb,financial_text,smart_money_engine,curated_keep,Financial news topic modeling reference.,26.07
15_topic_modeling/README.md,research_platform_definitive/laboratorio/notebooks_ml4t_reference/15_topic_modeling/README.md,md,support,support,curated_keep,Support file retained for curated notebooks.,12.17
15_topic_modeling/topic_modeling_utils.py,research_platform_definitive/laboratorio/notebooks_ml4t_reference/15_topic_modeling/topic_modeling_utils.py,py,support,support,curated_keep,Support file retained for curated notebooks.,3.89
16_word_embeddings/03_financial_news_preprocessing.ipynb,research_platform_definitive/laboratorio/notebooks_ml4t_reference/16_word_embeddings/03_financial_news_preprocessing.ipynb,ipynb,financial_text,smart_money_engine,curated_keep,Financial news preprocessing pipeline pattern.,5.75
16_word_embeddings/05_financial_news_word2vec_gensim.ipynb,research_platform_definitive/laboratorio/notebooks_ml4t_reference/16_word_embeddings/05_financial_news_word2vec_gensim.ipynb,ipynb,financial_text,smart_money_engine,curated_keep,Financial-domain embeddings reference without TensorFlow lock-in.,3.64
16_word_embeddings/06_sec_preprocessing.ipynb,research_platform_definitive/laboratorio/notebooks_ml4t_reference/16_word_embeddings/06_sec_preprocessing.ipynb,ipynb,financial_text,smart_money_engine,curated_keep,SEC filing preprocessing pattern.,4.53
16_word_embeddings/07_sec_word2vec.ipynb,research_platform_definitive/laboratorio/notebooks_ml4t_reference/16_word_embeddings/07_sec_word2vec.ipynb,ipynb,financial_text,smart_money_engine,curated_keep,SEC filing embeddings reference.,3.75
16_word_embeddings/README.md,research_platform_definitive/laboratorio/notebooks_ml4t_reference/16_word_embeddings/README.md,md,support,support,curated_keep,Support file retained for curated notebooks.,19.07
16_word_embeddings/embedding_utils.py,research_platform_definitive/laboratorio/notebooks_ml4t_reference/16_word_embeddings/embedding_utils.py,py,support,support,curated_keep,Support file retained for curated notebooks.,4.28
19_recurrent_neural_nets/07_sec_filings_return_prediction.ipynb,research_platform_definitive/laboratorio/notebooks_ml4t_reference/19_recurrent_neural_nets/07_sec_filings_return_prediction.ipynb,ipynb,financial_text,future_ml_lab,curated_keep,SEC filings return prediction reference; optional advanced NLP.,5.25
19_recurrent_neural_nets/README.md,research_platform_definitive/laboratorio/notebooks_ml4t_reference/19_recurrent_neural_nets/README.md,md,support,support,curated_keep,Support file retained for curated notebooks.,13.02
19_recurrent_neural_nets/rnn_utils.py,research_platform_definitive/laboratorio/notebooks_ml4t_reference/19_recurrent_neural_nets/rnn_utils.py,py,support,support,curated_keep,Support file retained for curated notebooks.,3.05
20_autoencoders_for_conditional_risk_factors/04_build_us_stock_dataset.ipynb,research_platform_definitive/laboratorio/notebooks_ml4t_reference/20_autoencoders_for_conditional_risk_factors/04_build_us_stock_dataset.ipynb,ipynb,ml_models,future_ml_lab,curated_keep,Asset-pricing dataset construction for conditional autoencoder research.,10.49
20_autoencoders_for_conditional_risk_factors/05_conditional_autoencoder_for_asset_pricing_data.ipynb,research_platform_definitive/laboratorio/notebooks_ml4t_reference/20_autoencoders_for_conditional_risk_factors/05_conditional_autoencoder_for_asset_pricing_data.ipynb,ipynb,ml_models,future_ml_lab,curated_keep,Conditional autoencoder data pipeline reference.,4.8
20_autoencoders_for_conditional_risk_factors/06_conditional_autoencoder_for_asset_pricing_model.ipynb,research_platform_definitive/laboratorio/notebooks_ml4t_reference/20_autoencoders_for_conditional_risk_factors/06_conditional_autoencoder_for_asset_pricing_model.ipynb,ipynb,ml_models,future_ml_lab,curated_keep,Conditional autoencoder model reference; optional deep-learning appendix.,3.26
20_autoencoders_for_conditional_risk_factors/07_alphalens_analysis.ipynb,research_platform_definitive/laboratorio/notebooks_ml4t_reference/20_autoencoders_for_conditional_risk_factors/07_alphalens_analysis.ipynb,ipynb,ml_models,future_ml_lab,curated_keep,Alphalens evaluation of autoencoder factors.,19.68
20_autoencoders_for_conditional_risk_factors/README.md,research_platform_definitive/laboratorio/notebooks_ml4t_reference/20_autoencoders_for_conditional_risk_factors/README.md,md,support,support,curated_keep,Support file retained for curated notebooks.,11.72
20_autoencoders_for_conditional_risk_factors/autoencoder_utils.py,research_platform_definitive/laboratorio/notebooks_ml4t_reference/20_autoencoders_for_conditional_risk_factors/autoencoder_utils.py,py,support,support,curated_keep,Support file retained for curated notebooks.,2.52
24_alpha_factor_library/00_indicator_zoo.ipynb,research_platform_definitive/laboratorio/notebooks_ml4t_reference/24_alpha_factor_library/00_indicator_zoo.ipynb,ipynb,factor_research,ml_stock_lab,curated_keep,Indicator inventory for curated feature blocks.,4.13
24_alpha_factor_library/01_sample_selection.ipynb,research_platform_definitive/laboratorio/notebooks_ml4t_reference/24_alpha_factor_library/01_sample_selection.ipynb,ipynb,factor_research,ml_stock_lab,curated_keep,Sample selection and universe hygiene reference.,8.86
24_alpha_factor_library/02_common_alpha_factors.ipynb,research_platform_definitive/laboratorio/notebooks_ml4t_reference/24_alpha_factor_library/02_common_alpha_factors.ipynb,ipynb,factor_research,ml_stock_lab,curated_keep,Common alpha factors for feature blocks.,5.26
24_alpha_factor_library/03_101_formulaic_alphas.ipynb,research_platform_definitive/laboratorio/notebooks_ml4t_reference/24_alpha_factor_library/03_101_formulaic_alphas.ipynb,ipynb,factor_research,ml_stock_lab,curated_keep,"Formulaic alpha library reference; promote selectively, not wholesale.",4.78
24_alpha_factor_library/04_factor_evaluation.ipynb,research_platform_definitive/laboratorio/notebooks_ml4t_reference/24_alpha_factor_library/04_factor_evaluation.ipynb,ipynb,factor_research,ml_stock_lab,curated_keep,Factor evaluation metrics reference.,30.32
24_alpha_factor_library/05_alphalens_analysis.ipynb,research_platform_definitive/laboratorio/notebooks_ml4t_reference/24_alpha_factor_library/05_alphalens_analysis.ipynb,ipynb,factor_research,ml_stock_lab,curated_keep,Alphalens analysis workflow reference.,20.9
24_alpha_factor_library/README.md,research_platform_definitive/laboratorio/notebooks_ml4t_reference/24_alpha_factor_library/README.md,md,support,support,curated_keep,Support file retained for curated notebooks.,5.98
24_alpha_factor_library/factor_library_utils.py,research_platform_definitive/laboratorio/notebooks_ml4t_reference/24_alpha_factor_library/factor_library_utils.py,py,support,support,curated_keep,Support file retained for curated notebooks.,3.72
README.md,research_platform_definitive/laboratorio/notebooks_ml4t_reference/README.md,md,support,support,curated_keep,Support file retained for curated notebooks.,43.7
data/00_data_api_services_catalog_definitive.ipynb,research_platform_definitive/laboratorio/notebooks_ml4t_reference/data/00_data_api_services_catalog_definitive.ipynb,ipynb,data_platform,data_platform,curated_keep,API source catalog reference.,23.41
data/01_private_active_api_services.ipynb,research_platform_definitive/laboratorio/notebooks_ml4t_reference/data/01_private_active_api_services.ipynb,ipynb,data_platform,data_platform,curated_keep,Private API activation reference; keep for credential UX only.,15.7
data/02_local_market_database_definitive.ipynb,research_platform_definitive/laboratorio/notebooks_ml4t_reference/data/02_local_market_database_definitive.ipynb,ipynb,data_platform,data_platform,curated_keep,Local market database reference for Drive canonical database.,3.76
data/README.md,research_platform_definitive/laboratorio/notebooks_ml4t_reference/data/README.md,md,support,support,curated_keep,Support file retained for curated notebooks.,5.53
data/create_dataset_utils.py,research_platform_definitive/laboratorio/notebooks_ml4t_reference/data/create_dataset_utils.py,py,support,support,curated_keep,Support file retained for curated notebooks.,3.85
data/create_datasets_definitive.ipynb,research_platform_definitive/laboratorio/notebooks_ml4t_reference/data/create_datasets_definitive.ipynb,ipynb,data_platform,data_platform,curated_keep,Dataset creation reference; avoid raw heavy data duplication.,4.35
data/create_stooq_data.ipynb,research_platform_definitive/laboratorio/notebooks_ml4t_reference/data/create_stooq_data.ipynb,ipynb,data_platform,data_platform,curated_keep,Stooq free data fallback pattern.,43.89
data/data_catalog.py,research_platform_definitive/laboratorio/notebooks_ml4t_reference/data/data_catalog.py,py,support,support,curated_keep,Support file retained for curated notebooks.,4.3
data/definitive_data_loader.py,research_platform_definitive/laboratorio/notebooks_ml4t_reference/data/definitive_data_loader.py,py,support,support,curated_keep,Support file retained for curated notebooks.,7.72
data/market_data_database.py,research_platform_definitive/laboratorio/notebooks_ml4t_reference/data/market_data_database.py,py,support,support,curated_keep,Support file retained for curated notebooks.,9.57
data/private_api_activation.py,research_platform_definitive/laboratorio/notebooks_ml4t_reference/data/private_api_activation.py,py,support,support,curated_keep,Support file retained for curated notebooks.,2.07
utils.py,research_platform_definitive/laboratorio/notebooks_ml4t_reference/utils.py,py,support,support,curated_keep,Support file retained for curated notebooks.,2.17
