screener_rank,ticker,company_name,country,fundamental_matched,robustness_status,scenario_downside,screener_score,universe_source,updated_at,source_count,is_etf,is_adr,index_membership,source_artifact,date,market_value,market_value_proxy_source,model,status,reason,selection_rank,sector,weight,engine_weight,rank,composite_score,annual_return,selection_score,quality_flag,portfolio,prediction,actual,N,prediction_rank,selected_topk,source,log_market_value,target_source,forward_return
4.0,A2A.MI,,Italy,,WARN,,0.0,static_ftse_mib,2026-05-20T01:50:41+00:00,1.0,False,False,static_ftse_mib,/Users/itsgennymac/GitHub/machine-learning-for-trading/research_platform_definitive/company_valuation/output/tables/ScreenerResults.csv,2026-05-21,0.0,screener_score,,,,,,,,,,,,,,,,,,,,,actual,
5.0,AAPL,,,,WARN,,0.0,static_sp500_core_sample,2026-05-20T01:50:41+00:00,1.0,False,False,static_sp500_core_sample,/Users/itsgennymac/GitHub/machine-learning-for-trading/research_platform_definitive/company_valuation/output/tables/ScreenerResults.csv,2026-05-21,0.0,screener_score,,,,,,,,,,,,,,,,,,,,,actual,
6.0,ABBV,,,,WARN,,0.0,static_sp500_core_sample,2026-05-20T01:50:41+00:00,1.0,False,False,static_sp500_core_sample,/Users/itsgennymac/GitHub/machine-learning-for-trading/research_platform_definitive/company_valuation/output/tables/ScreenerResults.csv,2026-05-21,0.0,screener_score,,,,,,,,,,,,,,,,,,,,,actual,
7.0,AI.PA,,France,,WARN,,0.0,static_euro_stoxx_50,2026-05-20T01:50:41+00:00,1.0,False,False,static_euro_stoxx_50,/Users/itsgennymac/GitHub/machine-learning-for-trading/research_platform_definitive/company_valuation/output/tables/ScreenerResults.csv,2026-05-21,0.0,screener_score,,,,,,,,,,,,,,,,,,,,,actual,
8.0,AIR.PA,,France,,WARN,,0.0,static_euro_stoxx_50,2026-05-20T01:50:41+00:00,1.0,False,False,static_euro_stoxx_50,/Users/itsgennymac/GitHub/machine-learning-for-trading/research_platform_definitive/company_valuation/output/tables/ScreenerResults.csv,2026-05-21,0.0,screener_score,,,,,,,,,,,,,,,,,,,,,actual,
9.0,ALV.DE,,Germany,,WARN,,0.0,static_euro_stoxx_50,2026-05-20T01:50:41+00:00,1.0,False,False,static_euro_stoxx_50,/Users/itsgennymac/GitHub/machine-learning-for-trading/research_platform_definitive/company_valuation/output/tables/ScreenerResults.csv,2026-05-21,0.0,screener_score,,,,,,,,,,,,,,,,,,,,,actual,
10.0,AMP.MI,,Italy,,WARN,,0.0,static_ftse_mib,2026-05-20T01:50:41+00:00,1.0,False,False,static_ftse_mib,/Users/itsgennymac/GitHub/machine-learning-for-trading/research_platform_definitive/company_valuation/output/tables/ScreenerResults.csv,2026-05-21,0.0,screener_score,,,,,,,,,,,,,,,,,,,,,actual,
11.0,AMZN,,,,WARN,,0.0,static_sp500_core_sample,2026-05-20T01:50:41+00:00,1.0,False,False,static_sp500_core_sample,/Users/itsgennymac/GitHub/machine-learning-for-trading/research_platform_definitive/company_valuation/output/tables/ScreenerResults.csv,2026-05-21,0.0,screener_score,,,,,,,,,,,,,,,,,,,,,actual,
12.0,ASML.AS,,Netherlands,,WARN,,0.0,static_euro_stoxx_50,2026-05-20T01:50:41+00:00,1.0,False,False,static_euro_stoxx_50,/Users/itsgennymac/GitHub/machine-learning-for-trading/research_platform_definitive/company_valuation/output/tables/ScreenerResults.csv,2026-05-21,0.0,screener_score,,,,,,,,,,,,,,,,,,,,,actual,
13.0,ATL.MI,,Italy,,WARN,,0.0,static_ftse_mib,2026-05-20T01:50:41+00:00,1.0,False,False,static_ftse_mib,/Users/itsgennymac/GitHub/machine-learning-for-trading/research_platform_definitive/company_valuation/output/tables/ScreenerResults.csv,2026-05-21,0.0,screener_score,,,,,,,,,,,,,,,,,,,,,actual,
14.0,AVGO,,,,WARN,,0.0,static_sp500_core_sample,2026-05-20T01:50:41+00:00,1.0,False,False,static_sp500_core_sample,/Users/itsgennymac/GitHub/machine-learning-for-trading/research_platform_definitive/company_valuation/output/tables/ScreenerResults.csv,2026-05-21,0.0,screener_score,,,,,,,,,,,,,,,,,,,,,actual,
15.0,AZM.MI,,Italy,,WARN,,0.0,static_ftse_mib,2026-05-20T01:50:41+00:00,1.0,False,False,static_ftse_mib,/Users/itsgennymac/GitHub/machine-learning-for-trading/research_platform_definitive/company_valuation/output/tables/ScreenerResults.csv,2026-05-21,0.0,screener_score,,,,,,,,,,,,,,,,,,,,,actual,
16.0,BAMI.MI,,Italy,,WARN,,0.0,static_ftse_mib,2026-05-20T01:50:41+00:00,1.0,False,False,static_ftse_mib,/Users/itsgennymac/GitHub/machine-learning-for-trading/research_platform_definitive/company_valuation/output/tables/ScreenerResults.csv,2026-05-21,0.0,screener_score,,,,,,,,,,,,,,,,,,,,,actual,
17.0,BMED.MI,,Italy,,WARN,,0.0,static_ftse_mib,2026-05-20T01:50:41+00:00,1.0,False,False,static_ftse_mib,/Users/itsgennymac/GitHub/machine-learning-for-trading/research_platform_definitive/company_valuation/output/tables/ScreenerResults.csv,2026-05-21,0.0,screener_score,,,,,,,,,,,,,,,,,,,,,actual,
18.0,BMPS.MI,,Italy,,WARN,,0.0,static_ftse_mib,2026-05-20T01:50:41+00:00,1.0,False,False,static_ftse_mib,/Users/itsgennymac/GitHub/machine-learning-for-trading/research_platform_definitive/company_valuation/output/tables/ScreenerResults.csv,2026-05-21,0.0,screener_score,,,,,,,,,,,,,,,,,,,,,actual,
19.0,BNP.PA,,France,,WARN,,0.0,static_euro_stoxx_50,2026-05-20T01:50:41+00:00,1.0,False,False,static_euro_stoxx_50,/Users/itsgennymac/GitHub/machine-learning-for-trading/research_platform_definitive/company_valuation/output/tables/ScreenerResults.csv,2026-05-21,0.0,screener_score,,,,,,,,,,,,,,,,,,,,,actual,
20.0,BPE.MI,,Italy,,WARN,,0.0,static_ftse_mib,2026-05-20T01:50:41+00:00,1.0,False,False,static_ftse_mib,/Users/itsgennymac/GitHub/machine-learning-for-trading/research_platform_definitive/company_valuation/output/tables/ScreenerResults.csv,2026-05-21,0.0,screener_score,,,,,,,,,,,,,,,,,,,,,actual,
21.0,BRK-B,,,,WARN,,0.0,static_sp500_core_sample,2026-05-20T01:50:41+00:00,1.0,False,False,static_sp500_core_sample,/Users/itsgennymac/GitHub/machine-learning-for-trading/research_platform_definitive/company_valuation/output/tables/ScreenerResults.csv,2026-05-21,0.0,screener_score,,,,,,,,,,,,,,,,,,,,,actual,
22.0,COST,,,,WARN,,0.0,static_sp500_core_sample,2026-05-20T01:50:41+00:00,1.0,False,False,static_sp500_core_sample,/Users/itsgennymac/GitHub/machine-learning-for-trading/research_platform_definitive/company_valuation/output/tables/ScreenerResults.csv,2026-05-21,0.0,screener_score,,,,,,,,,,,,,,,,,,,,,actual,
23.0,CPR.MI,,Italy,,WARN,,0.0,static_ftse_mib,2026-05-20T01:50:41+00:00,1.0,False,False,static_ftse_mib,/Users/itsgennymac/GitHub/machine-learning-for-trading/research_platform_definitive/company_valuation/output/tables/ScreenerResults.csv,2026-05-21,0.0,screener_score,,,,,,,,,,,,,,,,,,,,,actual,
24.0,CRM,,,,WARN,,0.0,static_sp500_core_sample,2026-05-20T01:50:41+00:00,1.0,False,False,static_sp500_core_sample,/Users/itsgennymac/GitHub/machine-learning-for-trading/research_platform_definitive/company_valuation/output/tables/ScreenerResults.csv,2026-05-21,0.0,screener_score,,,,,,,,,,,,,,,,,,,,,actual,
25.0,DG.PA,,France,,WARN,,0.0,static_euro_stoxx_50,2026-05-20T01:50:41+00:00,1.0,False,False,static_euro_stoxx_50,/Users/itsgennymac/GitHub/machine-learning-for-trading/research_platform_definitive/company_valuation/output/tables/ScreenerResults.csv,2026-05-21,0.0,screener_score,,,,,,,,,,,,,,,,,,,,,actual,
26.0,DIA.MI,,Italy,,WARN,,0.0,static_ftse_mib,2026-05-20T01:50:41+00:00,1.0,False,False,static_ftse_mib,/Users/itsgennymac/GitHub/machine-learning-for-trading/research_platform_definitive/company_valuation/output/tables/ScreenerResults.csv,2026-05-21,0.0,screener_score,,,,,,,,,,,,,,,,,,,,,actual,
27.0,DTE.DE,,Germany,,WARN,,0.0,static_euro_stoxx_50,2026-05-20T01:50:41+00:00,1.0,False,False,static_euro_stoxx_50,/Users/itsgennymac/GitHub/machine-learning-for-trading/research_platform_definitive/company_valuation/output/tables/ScreenerResults.csv,2026-05-21,0.0,screener_score,,,,,,,,,,,,,,,,,,,,,actual,
28.0,EL.PA,,France,,WARN,,0.0,static_euro_stoxx_50,2026-05-20T01:50:41+00:00,1.0,False,False,static_euro_stoxx_50,/Users/itsgennymac/GitHub/machine-learning-for-trading/research_platform_definitive/company_valuation/output/tables/ScreenerResults.csv,2026-05-21,0.0,screener_score,,,,,,,,,,,,,,,,,,,,,actual,
1.0,ENEL.MI,,Italy,,WARN,,0.0,static_ftse_mib,2026-05-20T01:50:41+00:00,2.0,False,False,static_ftse_mib,/Users/itsgennymac/GitHub/machine-learning-for-trading/research_platform_definitive/company_valuation/output/tables/ScreenerResults.csv,2026-05-21,0.0,screener_score,,,,,,,,,,,,,,,,,,,,,actual,
2.0,ENI.MI,,Italy,,WARN,,0.0,static_ftse_mib,2026-05-20T01:50:41+00:00,2.0,False,False,static_ftse_mib,/Users/itsgennymac/GitHub/machine-learning-for-trading/research_platform_definitive/company_valuation/output/tables/ScreenerResults.csv,2026-05-21,0.0,screener_score,,,,,,,,,,,,,,,,,,,,,actual,
29.0,ERG.MI,,Italy,,WARN,,0.0,static_ftse_mib,2026-05-20T01:50:41+00:00,1.0,False,False,static_ftse_mib,/Users/itsgennymac/GitHub/machine-learning-for-trading/research_platform_definitive/company_valuation/output/tables/ScreenerResults.csv,2026-05-21,0.0,screener_score,,,,,,,,,,,,,,,,,,,,,actual,
30.0,FBK.MI,,Italy,,WARN,,0.0,static_ftse_mib,2026-05-20T01:50:41+00:00,1.0,False,False,static_ftse_mib,/Users/itsgennymac/GitHub/machine-learning-for-trading/research_platform_definitive/company_valuation/output/tables/ScreenerResults.csv,2026-05-21,0.0,screener_score,,,,,,,,,,,,,,,,,,,,,actual,
31.0,G.MI,,Italy,,WARN,,0.0,static_ftse_mib,2026-05-20T01:50:41+00:00,1.0,False,False,static_ftse_mib,/Users/itsgennymac/GitHub/machine-learning-for-trading/research_platform_definitive/company_valuation/output/tables/ScreenerResults.csv,2026-05-21,0.0,screener_score,,,,,,,,,,,,,,,,,,,,,actual,
32.0,GOOGL,,,,WARN,,0.0,static_sp500_core_sample,2026-05-20T01:50:41+00:00,1.0,False,False,static_sp500_core_sample,/Users/itsgennymac/GitHub/machine-learning-for-trading/research_platform_definitive/company_valuation/output/tables/ScreenerResults.csv,2026-05-21,0.0,screener_score,,,,,,,,,,,,,,,,,,,,,actual,
33.0,HD,,,,WARN,,0.0,static_sp500_core_sample,2026-05-20T01:50:41+00:00,1.0,False,False,static_sp500_core_sample,/Users/itsgennymac/GitHub/machine-learning-for-trading/research_platform_definitive/company_valuation/output/tables/ScreenerResults.csv,2026-05-21,0.0,screener_score,,,,,,,,,,,,,,,,,,,,,actual,
34.0,HER.MI,,Italy,,WARN,,0.0,static_ftse_mib,2026-05-20T01:50:41+00:00,1.0,False,False,static_ftse_mib,/Users/itsgennymac/GitHub/machine-learning-for-trading/research_platform_definitive/company_valuation/output/tables/ScreenerResults.csv,2026-05-21,0.0,screener_score,,,,,,,,,,,,,,,,,,,,,actual,
35.0,IBE.MC,,Spain,,WARN,,0.0,static_euro_stoxx_50,2026-05-20T01:50:41+00:00,1.0,False,False,static_euro_stoxx_50,/Users/itsgennymac/GitHub/machine-learning-for-trading/research_platform_definitive/company_valuation/output/tables/ScreenerResults.csv,2026-05-21,0.0,screener_score,,,,,,,,,,,,,,,,,,,,,actual,
36.0,IG.MI,,Italy,,WARN,,0.0,static_ftse_mib,2026-05-20T01:50:41+00:00,1.0,False,False,static_ftse_mib,/Users/itsgennymac/GitHub/machine-learning-for-trading/research_platform_definitive/company_valuation/output/tables/ScreenerResults.csv,2026-05-21,0.0,screener_score,,,,,,,,,,,,,,,,,,,,,actual,
37.0,INW.MI,,Italy,,WARN,,0.0,static_ftse_mib,2026-05-20T01:50:41+00:00,1.0,False,False,static_ftse_mib,/Users/itsgennymac/GitHub/machine-learning-for-trading/research_platform_definitive/company_valuation/output/tables/ScreenerResults.csv,2026-05-21,0.0,screener_score,,,,,,,,,,,,,,,,,,,,,actual,
3.0,ISP.MI,,Italy,,WARN,,0.0,static_ftse_mib,2026-05-20T01:50:41+00:00,2.0,False,False,static_ftse_mib,/Users/itsgennymac/GitHub/machine-learning-for-trading/research_platform_definitive/company_valuation/output/tables/ScreenerResults.csv,2026-05-21,0.0,screener_score,,,,,,,,,,,,,,,,,,,,,actual,
38.0,ITX.MC,,Spain,,WARN,,0.0,static_euro_stoxx_50,2026-05-20T01:50:41+00:00,1.0,False,False,static_euro_stoxx_50,/Users/itsgennymac/GitHub/machine-learning-for-trading/research_platform_definitive/company_valuation/output/tables/ScreenerResults.csv,2026-05-21,0.0,screener_score,,,,,,,,,,,,,,,,,,,,,actual,
39.0,IVG.MI,,Italy,,WARN,,0.0,static_ftse_mib,2026-05-20T01:50:41+00:00,1.0,False,False,static_ftse_mib,/Users/itsgennymac/GitHub/machine-learning-for-trading/research_platform_definitive/company_valuation/output/tables/ScreenerResults.csv,2026-05-21,0.0,screener_score,,,,,,,,,,,,,,,,,,,,,actual,
40.0,JPM,,,,WARN,,0.0,static_sp500_core_sample,2026-05-20T01:50:41+00:00,1.0,False,False,static_sp500_core_sample,/Users/itsgennymac/GitHub/machine-learning-for-trading/research_platform_definitive/company_valuation/output/tables/ScreenerResults.csv,2026-05-21,0.0,screener_score,,,,,,,,,,,,,,,,,,,,,actual,
41.0,LDO.MI,,Italy,,WARN,,0.0,static_ftse_mib,2026-05-20T01:50:41+00:00,1.0,False,False,static_ftse_mib,/Users/itsgennymac/GitHub/machine-learning-for-trading/research_platform_definitive/company_valuation/output/tables/ScreenerResults.csv,2026-05-21,0.0,screener_score,,,,,,,,,,,,,,,,,,,,,actual,
42.0,LLY,,,,WARN,,0.0,static_sp500_core_sample,2026-05-20T01:50:41+00:00,1.0,False,False,static_sp500_core_sample,/Users/itsgennymac/GitHub/machine-learning-for-trading/research_platform_definitive/company_valuation/output/tables/ScreenerResults.csv,2026-05-21,0.0,screener_score,,,,,,,,,,,,,,,,,,,,,actual,
43.0,MA,,,,WARN,,0.0,static_sp500_core_sample,2026-05-20T01:50:41+00:00,1.0,False,False,static_sp500_core_sample,/Users/itsgennymac/GitHub/machine-learning-for-trading/research_platform_definitive/company_valuation/output/tables/ScreenerResults.csv,2026-05-21,0.0,screener_score,,,,,,,,,,,,,,,,,,,,,actual,
44.0,MB.MI,,Italy,,WARN,,0.0,static_ftse_mib,2026-05-20T01:50:41+00:00,1.0,False,False,static_ftse_mib,/Users/itsgennymac/GitHub/machine-learning-for-trading/research_platform_definitive/company_valuation/output/tables/ScreenerResults.csv,2026-05-21,0.0,screener_score,,,,,,,,,,,,,,,,,,,,,actual,
45.0,MC.PA,,France,,WARN,,0.0,static_euro_stoxx_50,2026-05-20T01:50:41+00:00,1.0,False,False,static_euro_stoxx_50,/Users/itsgennymac/GitHub/machine-learning-for-trading/research_platform_definitive/company_valuation/output/tables/ScreenerResults.csv,2026-05-21,0.0,screener_score,,,,,,,,,,,,,,,,,,,,,actual,
46.0,META,,,,WARN,,0.0,static_sp500_core_sample,2026-05-20T01:50:41+00:00,1.0,False,False,static_sp500_core_sample,/Users/itsgennymac/GitHub/machine-learning-for-trading/research_platform_definitive/company_valuation/output/tables/ScreenerResults.csv,2026-05-21,0.0,screener_score,,,,,,,,,,,,,,,,,,,,,actual,
47.0,MONC.MI,,Italy,,WARN,,0.0,static_ftse_mib,2026-05-20T01:50:41+00:00,1.0,False,False,static_ftse_mib,/Users/itsgennymac/GitHub/machine-learning-for-trading/research_platform_definitive/company_valuation/output/tables/ScreenerResults.csv,2026-05-21,0.0,screener_score,,,,,,,,,,,,,,,,,,,,,actual,
48.0,MRK,,,,WARN,,0.0,static_sp500_core_sample,2026-05-20T01:50:41+00:00,1.0,False,False,static_sp500_core_sample,/Users/itsgennymac/GitHub/machine-learning-for-trading/research_platform_definitive/company_valuation/output/tables/ScreenerResults.csv,2026-05-21,0.0,screener_score,,,,,,,,,,,,,,,,,,,,,actual,
49.0,MSFT,,,,WARN,,0.0,static_sp500_core_sample,2026-05-20T01:50:41+00:00,1.0,False,False,static_sp500_core_sample,/Users/itsgennymac/GitHub/machine-learning-for-trading/research_platform_definitive/company_valuation/output/tables/ScreenerResults.csv,2026-05-21,0.0,screener_score,,,,,,,,,,,,,,,,,,,,,actual,
,NAN,,,,,,,,,,,,,/Users/itsgennymac/GitHub/machine-learning-for-trading/research_platform_definitive/company_valuation/output/tables/extended_valuation_results.csv,2026-05-21,,,all,WARN,No latest valuation/cross-section table available,,,,,,,,,,,,,,,,,,actual,
50.0,NEXI.MI,,Italy,,WARN,,0.0,static_ftse_mib,2026-05-20T01:50:41+00:00,1.0,False,False,static_ftse_mib,/Users/itsgennymac/GitHub/machine-learning-for-trading/research_platform_definitive/company_valuation/output/tables/ScreenerResults.csv,2026-05-21,0.0,screener_score,,,,,,,,,,,,,,,,,,,,,actual,
51.0,NVDA,,,,WARN,,0.0,static_sp500_core_sample,2026-05-20T01:50:41+00:00,1.0,False,False,static_sp500_core_sample,/Users/itsgennymac/GitHub/machine-learning-for-trading/research_platform_definitive/company_valuation/output/tables/ScreenerResults.csv,2026-05-21,0.0,screener_score,,,,,,,,,,,,,,,,,,,,,actual,
52.0,OR.PA,,France,,WARN,,0.0,static_euro_stoxx_50,2026-05-20T01:50:41+00:00,1.0,False,False,static_euro_stoxx_50,/Users/itsgennymac/GitHub/machine-learning-for-trading/research_platform_definitive/company_valuation/output/tables/ScreenerResults.csv,2026-05-21,0.0,screener_score,,,,,,,,,,,,,,,,,,,,,actual,
53.0,PG,,,,WARN,,0.0,static_sp500_core_sample,2026-05-20T01:50:41+00:00,1.0,False,False,static_sp500_core_sample,/Users/itsgennymac/GitHub/machine-learning-for-trading/research_platform_definitive/company_valuation/output/tables/ScreenerResults.csv,2026-05-21,0.0,screener_score,,,,,,,,,,,,,,,,,,,,,actual,
54.0,PIRC.MI,,Italy,,WARN,,0.0,static_ftse_mib,2026-05-20T01:50:41+00:00,1.0,False,False,static_ftse_mib,/Users/itsgennymac/GitHub/machine-learning-for-trading/research_platform_definitive/company_valuation/output/tables/ScreenerResults.csv,2026-05-21,0.0,screener_score,,,,,,,,,,,,,,,,,,,,,actual,
55.0,PRY.MI,,Italy,,WARN,,0.0,static_ftse_mib,2026-05-20T01:50:41+00:00,1.0,False,False,static_ftse_mib,/Users/itsgennymac/GitHub/machine-learning-for-trading/research_platform_definitive/company_valuation/output/tables/ScreenerResults.csv,2026-05-21,0.0,screener_score,,,,,,,,,,,,,,,,,,,,,actual,
56.0,PST.MI,,Italy,,WARN,,0.0,static_ftse_mib,2026-05-20T01:50:41+00:00,1.0,False,False,static_ftse_mib,/Users/itsgennymac/GitHub/machine-learning-for-trading/research_platform_definitive/company_valuation/output/tables/ScreenerResults.csv,2026-05-21,0.0,screener_score,,,,,,,,,,,,,,,,,,,,,actual,
57.0,RACE.MI,,Italy,,WARN,,0.0,static_ftse_mib,2026-05-20T01:50:41+00:00,1.0,False,False,static_ftse_mib,/Users/itsgennymac/GitHub/machine-learning-for-trading/research_platform_definitive/company_valuation/output/tables/ScreenerResults.csv,2026-05-21,0.0,screener_score,,,,,,,,,,,,,,,,,,,,,actual,
58.0,REC.MI,,Italy,,WARN,,0.0,static_ftse_mib,2026-05-20T01:50:41+00:00,1.0,False,False,static_ftse_mib,/Users/itsgennymac/GitHub/machine-learning-for-trading/research_platform_definitive/company_valuation/output/tables/ScreenerResults.csv,2026-05-21,0.0,screener_score,,,,,,,,,,,,,,,,,,,,,actual,
,RETAIL_MORTGAGES,Retail_Mortgages,,,,,,,2026-05-21T15:32:24+00:00,,,,,/Users/itsgennymac/GitHub/machine-learning-for-trading/research_platform_definitive/portfolio_analysis/output/tables/PortfolioSelectionResults.csv,2024-03-31,252.2316,actual,elastic_net,,,1.0,Portfolio Sleeve,1.0,,1.0,336.9133,252.2316,336.9133,PASS,Retail_Mortgages,336.9133,252.2316,4.0,1.0,True,workspace_backtest_topk,5.530347713064787,actual,
59.0,SAN.PA,,France,,WARN,,0.0,static_euro_stoxx_50,2026-05-20T01:50:41+00:00,1.0,False,False,static_euro_stoxx_50,/Users/itsgennymac/GitHub/machine-learning-for-trading/research_platform_definitive/company_valuation/output/tables/ScreenerResults.csv,2026-05-21,0.0,screener_score,,,,,,,,,,,,,,,,,,,,,actual,
60.0,SAP.DE,,Germany,,WARN,,0.0,static_euro_stoxx_50,2026-05-20T01:50:41+00:00,1.0,False,False,static_euro_stoxx_50,/Users/itsgennymac/GitHub/machine-learning-for-trading/research_platform_definitive/company_valuation/output/tables/ScreenerResults.csv,2026-05-21,0.0,screener_score,,,,,,,,,,,,,,,,,,,,,actual,
61.0,SIE.DE,,Germany,,WARN,,0.0,static_euro_stoxx_50,2026-05-20T01:50:41+00:00,1.0,False,False,static_euro_stoxx_50,/Users/itsgennymac/GitHub/machine-learning-for-trading/research_platform_definitive/company_valuation/output/tables/ScreenerResults.csv,2026-05-21,0.0,screener_score,,,,,,,,,,,,,,,,,,,,,actual,
62.0,SRG.MI,,Italy,,WARN,,0.0,static_ftse_mib,2026-05-20T01:50:41+00:00,1.0,False,False,static_ftse_mib,/Users/itsgennymac/GitHub/machine-learning-for-trading/research_platform_definitive/company_valuation/output/tables/ScreenerResults.csv,2026-05-21,0.0,screener_score,,,,,,,,,,,,,,,,,,,,,actual,
63.0,STLAM.MI,,Italy,,WARN,,0.0,static_ftse_mib,2026-05-20T01:50:41+00:00,1.0,False,False,static_ftse_mib,/Users/itsgennymac/GitHub/machine-learning-for-trading/research_platform_definitive/company_valuation/output/tables/ScreenerResults.csv,2026-05-21,0.0,screener_score,,,,,,,,,,,,,,,,,,,,,actual,
64.0,STM.MI,,Italy,,WARN,,0.0,static_ftse_mib,2026-05-20T01:50:41+00:00,1.0,False,False,static_ftse_mib,/Users/itsgennymac/GitHub/machine-learning-for-trading/research_platform_definitive/company_valuation/output/tables/ScreenerResults.csv,2026-05-21,0.0,screener_score,,,,,,,,,,,,,,,,,,,,,actual,
65.0,SU.PA,,France,,WARN,,0.0,static_euro_stoxx_50,2026-05-20T01:50:41+00:00,1.0,False,False,static_euro_stoxx_50,/Users/itsgennymac/GitHub/machine-learning-for-trading/research_platform_definitive/company_valuation/output/tables/ScreenerResults.csv,2026-05-21,0.0,screener_score,,,,,,,,,,,,,,,,,,,,,actual,
66.0,TEN.MI,,Italy,,WARN,,0.0,static_ftse_mib,2026-05-20T01:50:41+00:00,1.0,False,False,static_ftse_mib,/Users/itsgennymac/GitHub/machine-learning-for-trading/research_platform_definitive/company_valuation/output/tables/ScreenerResults.csv,2026-05-21,0.0,screener_score,,,,,,,,,,,,,,,,,,,,,actual,
67.0,TIT.MI,,Italy,,WARN,,0.0,static_ftse_mib,2026-05-20T01:50:41+00:00,1.0,False,False,static_ftse_mib,/Users/itsgennymac/GitHub/machine-learning-for-trading/research_platform_definitive/company_valuation/output/tables/ScreenerResults.csv,2026-05-21,0.0,screener_score,,,,,,,,,,,,,,,,,,,,,actual,
68.0,TRN.MI,,Italy,,WARN,,0.0,static_ftse_mib,2026-05-20T01:50:41+00:00,1.0,False,False,static_ftse_mib,/Users/itsgennymac/GitHub/machine-learning-for-trading/research_platform_definitive/company_valuation/output/tables/ScreenerResults.csv,2026-05-21,0.0,screener_score,,,,,,,,,,,,,,,,,,,,,actual,
69.0,TTE.PA,,France,,WARN,,0.0,static_euro_stoxx_50,2026-05-20T01:50:41+00:00,1.0,False,False,static_euro_stoxx_50,/Users/itsgennymac/GitHub/machine-learning-for-trading/research_platform_definitive/company_valuation/output/tables/ScreenerResults.csv,2026-05-21,0.0,screener_score,,,,,,,,,,,,,,,,,,,,,actual,
70.0,UCG.MI,,Italy,,WARN,,0.0,static_ftse_mib,2026-05-20T01:50:41+00:00,1.0,False,False,static_ftse_mib,/Users/itsgennymac/GitHub/machine-learning-for-trading/research_platform_definitive/company_valuation/output/tables/ScreenerResults.csv,2026-05-21,0.0,screener_score,,,,,,,,,,,,,,,,,,,,,actual,
71.0,UNH,,,,WARN,,0.0,static_sp500_core_sample,2026-05-20T01:50:41+00:00,1.0,False,False,static_sp500_core_sample,/Users/itsgennymac/GitHub/machine-learning-for-trading/research_platform_definitive/company_valuation/output/tables/ScreenerResults.csv,2026-05-21,0.0,screener_score,,,,,,,,,,,,,,,,,,,,,actual,
72.0,UNI.MI,,Italy,,WARN,,0.0,static_ftse_mib,2026-05-20T01:50:41+00:00,1.0,False,False,static_ftse_mib,/Users/itsgennymac/GitHub/machine-learning-for-trading/research_platform_definitive/company_valuation/output/tables/ScreenerResults.csv,2026-05-21,0.0,screener_score,,,,,,,,,,,,,,,,,,,,,actual,
73.0,V,,,,WARN,,0.0,static_sp500_core_sample,2026-05-20T01:50:41+00:00,1.0,False,False,static_sp500_core_sample,/Users/itsgennymac/GitHub/machine-learning-for-trading/research_platform_definitive/company_valuation/output/tables/ScreenerResults.csv,2026-05-21,0.0,screener_score,,,,,,,,,,,,,,,,,,,,,actual,
74.0,XOM,,,,WARN,,0.0,static_sp500_core_sample,2026-05-20T01:50:41+00:00,1.0,False,False,static_sp500_core_sample,/Users/itsgennymac/GitHub/machine-learning-for-trading/research_platform_definitive/company_valuation/output/tables/ScreenerResults.csv,2026-05-21,0.0,screener_score,,,,,,,,,,,,,,,,,,,,,actual,
