screener_rank,ticker,company_name,country,fundamental_matched,robustness_status,scenario_downside,screener_score,universe_source,updated_at,source_count,is_etf,is_adr,index_membership,source_artifact,date,market_value,market_value_proxy_source,model,status,reason,selection_rank,sector,weight,engine_weight,rank,composite_score,annual_return,selection_score,quality_flag,portfolio,prediction,actual,N,prediction_rank,selected_topk,source,log_market_value,target_source,forward_return,fair_value_hat,mispricing_rel,zscore,percentile_rank,signal,score
,RETAIL_MORTGAGES,Retail_Mortgages,,,,,,,2026-05-21T15:32:24+00:00,,,,,/Users/itsgennymac/GitHub/machine-learning-for-trading/research_platform_definitive/portfolio_analysis/output/tables/PortfolioSelectionResults.csv,2024-03-31,252.2316,actual,elastic_net,,,1.0,Portfolio Sleeve,1.0,,,336.9133,252.2316,336.9133,PASS,Retail_Mortgages,336.9133,252.2316,4.0,1.0,True,workspace_backtest_topk,5.530347713064787,actual,,3.9407961879414968,-0.9843762788328604,,,,
4.0,A2A.MI,,Italy,,WARN,,0.0,static_ftse_mib,2026-05-20T01:50:41+00:00,1.0,False,False,static_ftse_mib,/Users/itsgennymac/GitHub/machine-learning-for-trading/research_platform_definitive/company_valuation/output/tables/ScreenerResults.csv,2026-05-21,0.0,screener_score,,,,,,,,,,,,,,,,,,,,,actual,,3.928286469644182,,,,,
5.0,AAPL,,,,WARN,,0.0,static_sp500_core_sample,2026-05-20T01:50:41+00:00,1.0,False,False,static_sp500_core_sample,/Users/itsgennymac/GitHub/machine-learning-for-trading/research_platform_definitive/company_valuation/output/tables/ScreenerResults.csv,2026-05-21,0.0,screener_score,,,,,,,,,,,,,,,,,,,,,actual,,3.9157767513468666,,,,,
6.0,ABBV,,,,WARN,,0.0,static_sp500_core_sample,2026-05-20T01:50:41+00:00,1.0,False,False,static_sp500_core_sample,/Users/itsgennymac/GitHub/machine-learning-for-trading/research_platform_definitive/company_valuation/output/tables/ScreenerResults.csv,2026-05-21,0.0,screener_score,,,,,,,,,,,,,,,,,,,,,actual,,3.903267033049552,,,,,
7.0,AI.PA,,France,,WARN,,0.0,static_euro_stoxx_50,2026-05-20T01:50:41+00:00,1.0,False,False,static_euro_stoxx_50,/Users/itsgennymac/GitHub/machine-learning-for-trading/research_platform_definitive/company_valuation/output/tables/ScreenerResults.csv,2026-05-21,0.0,screener_score,,,,,,,,,,,,,,,,,,,,,actual,,3.8907573147522365,,,,,
8.0,AIR.PA,,France,,WARN,,0.0,static_euro_stoxx_50,2026-05-20T01:50:41+00:00,1.0,False,False,static_euro_stoxx_50,/Users/itsgennymac/GitHub/machine-learning-for-trading/research_platform_definitive/company_valuation/output/tables/ScreenerResults.csv,2026-05-21,0.0,screener_score,,,,,,,,,,,,,,,,,,,,,actual,,3.878247596454922,,,,,
9.0,ALV.DE,,Germany,,WARN,,0.0,static_euro_stoxx_50,2026-05-20T01:50:41+00:00,1.0,False,False,static_euro_stoxx_50,/Users/itsgennymac/GitHub/machine-learning-for-trading/research_platform_definitive/company_valuation/output/tables/ScreenerResults.csv,2026-05-21,0.0,screener_score,,,,,,,,,,,,,,,,,,,,,actual,,3.8657378781576073,,,,,
10.0,AMP.MI,,Italy,,WARN,,0.0,static_ftse_mib,2026-05-20T01:50:41+00:00,1.0,False,False,static_ftse_mib,/Users/itsgennymac/GitHub/machine-learning-for-trading/research_platform_definitive/company_valuation/output/tables/ScreenerResults.csv,2026-05-21,0.0,screener_score,,,,,,,,,,,,,,,,,,,,,actual,,3.8532281598602918,,,,,
11.0,AMZN,,,,WARN,,0.0,static_sp500_core_sample,2026-05-20T01:50:41+00:00,1.0,False,False,static_sp500_core_sample,/Users/itsgennymac/GitHub/machine-learning-for-trading/research_platform_definitive/company_valuation/output/tables/ScreenerResults.csv,2026-05-21,0.0,screener_score,,,,,,,,,,,,,,,,,,,,,actual,,3.840718441562977,,,,,
12.0,ASML.AS,,Netherlands,,WARN,,0.0,static_euro_stoxx_50,2026-05-20T01:50:41+00:00,1.0,False,False,static_euro_stoxx_50,/Users/itsgennymac/GitHub/machine-learning-for-trading/research_platform_definitive/company_valuation/output/tables/ScreenerResults.csv,2026-05-21,0.0,screener_score,,,,,,,,,,,,,,,,,,,,,actual,,3.8282087232656616,,,,,
13.0,ATL.MI,,Italy,,WARN,,0.0,static_ftse_mib,2026-05-20T01:50:41+00:00,1.0,False,False,static_ftse_mib,/Users/itsgennymac/GitHub/machine-learning-for-trading/research_platform_definitive/company_valuation/output/tables/ScreenerResults.csv,2026-05-21,0.0,screener_score,,,,,,,,,,,,,,,,,,,,,actual,,3.815699004968347,,,,,
14.0,AVGO,,,,WARN,,0.0,static_sp500_core_sample,2026-05-20T01:50:41+00:00,1.0,False,False,static_sp500_core_sample,/Users/itsgennymac/GitHub/machine-learning-for-trading/research_platform_definitive/company_valuation/output/tables/ScreenerResults.csv,2026-05-21,0.0,screener_score,,,,,,,,,,,,,,,,,,,,,actual,,3.8031892866710324,,,,,
15.0,AZM.MI,,Italy,,WARN,,0.0,static_ftse_mib,2026-05-20T01:50:41+00:00,1.0,False,False,static_ftse_mib,/Users/itsgennymac/GitHub/machine-learning-for-trading/research_platform_definitive/company_valuation/output/tables/ScreenerResults.csv,2026-05-21,0.0,screener_score,,,,,,,,,,,,,,,,,,,,,actual,,3.790679568373717,,,,,
16.0,BAMI.MI,,Italy,,WARN,,0.0,static_ftse_mib,2026-05-20T01:50:41+00:00,1.0,False,False,static_ftse_mib,/Users/itsgennymac/GitHub/machine-learning-for-trading/research_platform_definitive/company_valuation/output/tables/ScreenerResults.csv,2026-05-21,0.0,screener_score,,,,,,,,,,,,,,,,,,,,,actual,,3.7781698500764023,,,,,
17.0,BMED.MI,,Italy,,WARN,,0.0,static_ftse_mib,2026-05-20T01:50:41+00:00,1.0,False,False,static_ftse_mib,/Users/itsgennymac/GitHub/machine-learning-for-trading/research_platform_definitive/company_valuation/output/tables/ScreenerResults.csv,2026-05-21,0.0,screener_score,,,,,,,,,,,,,,,,,,,,,actual,,3.7656601317790868,,,,,
18.0,BMPS.MI,,Italy,,WARN,,0.0,static_ftse_mib,2026-05-20T01:50:41+00:00,1.0,False,False,static_ftse_mib,/Users/itsgennymac/GitHub/machine-learning-for-trading/research_platform_definitive/company_valuation/output/tables/ScreenerResults.csv,2026-05-21,0.0,screener_score,,,,,,,,,,,,,,,,,,,,,actual,,3.753150413481772,,,,,
19.0,BNP.PA,,France,,WARN,,0.0,static_euro_stoxx_50,2026-05-20T01:50:41+00:00,1.0,False,False,static_euro_stoxx_50,/Users/itsgennymac/GitHub/machine-learning-for-trading/research_platform_definitive/company_valuation/output/tables/ScreenerResults.csv,2026-05-21,0.0,screener_score,,,,,,,,,,,,,,,,,,,,,actual,,3.7406406951844575,,,,,
20.0,BPE.MI,,Italy,,WARN,,0.0,static_ftse_mib,2026-05-20T01:50:41+00:00,1.0,False,False,static_ftse_mib,/Users/itsgennymac/GitHub/machine-learning-for-trading/research_platform_definitive/company_valuation/output/tables/ScreenerResults.csv,2026-05-21,0.0,screener_score,,,,,,,,,,,,,,,,,,,,,actual,,3.728130976887142,,,,,
21.0,BRK-B,,,,WARN,,0.0,static_sp500_core_sample,2026-05-20T01:50:41+00:00,1.0,False,False,static_sp500_core_sample,/Users/itsgennymac/GitHub/machine-learning-for-trading/research_platform_definitive/company_valuation/output/tables/ScreenerResults.csv,2026-05-21,0.0,screener_score,,,,,,,,,,,,,,,,,,,,,actual,,3.7156212585898274,,,,,
22.0,COST,,,,WARN,,0.0,static_sp500_core_sample,2026-05-20T01:50:41+00:00,1.0,False,False,static_sp500_core_sample,/Users/itsgennymac/GitHub/machine-learning-for-trading/research_platform_definitive/company_valuation/output/tables/ScreenerResults.csv,2026-05-21,0.0,screener_score,,,,,,,,,,,,,,,,,,,,,actual,,3.703111540292512,,,,,
23.0,CPR.MI,,Italy,,WARN,,0.0,static_ftse_mib,2026-05-20T01:50:41+00:00,1.0,False,False,static_ftse_mib,/Users/itsgennymac/GitHub/machine-learning-for-trading/research_platform_definitive/company_valuation/output/tables/ScreenerResults.csv,2026-05-21,0.0,screener_score,,,,,,,,,,,,,,,,,,,,,actual,,3.6906018219951973,,,,,
24.0,CRM,,,,WARN,,0.0,static_sp500_core_sample,2026-05-20T01:50:41+00:00,1.0,False,False,static_sp500_core_sample,/Users/itsgennymac/GitHub/machine-learning-for-trading/research_platform_definitive/company_valuation/output/tables/ScreenerResults.csv,2026-05-21,0.0,screener_score,,,,,,,,,,,,,,,,,,,,,actual,,3.6780921036978826,,,,,
25.0,DG.PA,,France,,WARN,,0.0,static_euro_stoxx_50,2026-05-20T01:50:41+00:00,1.0,False,False,static_euro_stoxx_50,/Users/itsgennymac/GitHub/machine-learning-for-trading/research_platform_definitive/company_valuation/output/tables/ScreenerResults.csv,2026-05-21,0.0,screener_score,,,,,,,,,,,,,,,,,,,,,actual,,3.665582385400567,,,,,
26.0,DIA.MI,,Italy,,WARN,,0.0,static_ftse_mib,2026-05-20T01:50:41+00:00,1.0,False,False,static_ftse_mib,/Users/itsgennymac/GitHub/machine-learning-for-trading/research_platform_definitive/company_valuation/output/tables/ScreenerResults.csv,2026-05-21,0.0,screener_score,,,,,,,,,,,,,,,,,,,,,actual,,3.6530726671032525,,,,,
27.0,DTE.DE,,Germany,,WARN,,0.0,static_euro_stoxx_50,2026-05-20T01:50:41+00:00,1.0,False,False,static_euro_stoxx_50,/Users/itsgennymac/GitHub/machine-learning-for-trading/research_platform_definitive/company_valuation/output/tables/ScreenerResults.csv,2026-05-21,0.0,screener_score,,,,,,,,,,,,,,,,,,,,,actual,,3.640562948805937,,,,,
28.0,EL.PA,,France,,WARN,,0.0,static_euro_stoxx_50,2026-05-20T01:50:41+00:00,1.0,False,False,static_euro_stoxx_50,/Users/itsgennymac/GitHub/machine-learning-for-trading/research_platform_definitive/company_valuation/output/tables/ScreenerResults.csv,2026-05-21,0.0,screener_score,,,,,,,,,,,,,,,,,,,,,actual,,0.012509718297315509,,,,,
1.0,ENEL.MI,,Italy,,WARN,,0.0,static_ftse_mib,2026-05-20T01:50:41+00:00,2.0,False,False,static_ftse_mib,/Users/itsgennymac/GitHub/machine-learning-for-trading/research_platform_definitive/company_valuation/output/tables/ScreenerResults.csv,2026-05-21,0.0,screener_score,,,,,,,,,,,,,,,,,,,,,actual,,0.0,,,,,
2.0,ENI.MI,,Italy,,WARN,,0.0,static_ftse_mib,2026-05-20T01:50:41+00:00,2.0,False,False,static_ftse_mib,/Users/itsgennymac/GitHub/machine-learning-for-trading/research_platform_definitive/company_valuation/output/tables/ScreenerResults.csv,2026-05-21,0.0,screener_score,,,,,,,,,,,,,,,,,,,,,actual,,3.6280532305086224,,,,,
29.0,ERG.MI,,Italy,,WARN,,0.0,static_ftse_mib,2026-05-20T01:50:41+00:00,1.0,False,False,static_ftse_mib,/Users/itsgennymac/GitHub/machine-learning-for-trading/research_platform_definitive/company_valuation/output/tables/ScreenerResults.csv,2026-05-21,0.0,screener_score,,,,,,,,,,,,,,,,,,,,,actual,,3.6155435122113078,,,,,
30.0,FBK.MI,,Italy,,WARN,,0.0,static_ftse_mib,2026-05-20T01:50:41+00:00,1.0,False,False,static_ftse_mib,/Users/itsgennymac/GitHub/machine-learning-for-trading/research_platform_definitive/company_valuation/output/tables/ScreenerResults.csv,2026-05-21,0.0,screener_score,,,,,,,,,,,,,,,,,,,,,actual,,3.6030337939139923,,,,,
31.0,G.MI,,Italy,,WARN,,0.0,static_ftse_mib,2026-05-20T01:50:41+00:00,1.0,False,False,static_ftse_mib,/Users/itsgennymac/GitHub/machine-learning-for-trading/research_platform_definitive/company_valuation/output/tables/ScreenerResults.csv,2026-05-21,0.0,screener_score,,,,,,,,,,,,,,,,,,,,,actual,,3.5905240756166776,,,,,
32.0,GOOGL,,,,WARN,,0.0,static_sp500_core_sample,2026-05-20T01:50:41+00:00,1.0,False,False,static_sp500_core_sample,/Users/itsgennymac/GitHub/machine-learning-for-trading/research_platform_definitive/company_valuation/output/tables/ScreenerResults.csv,2026-05-21,0.0,screener_score,,,,,,,,,,,,,,,,,,,,,actual,,3.578014357319362,,,,,
33.0,HD,,,,WARN,,0.0,static_sp500_core_sample,2026-05-20T01:50:41+00:00,1.0,False,False,static_sp500_core_sample,/Users/itsgennymac/GitHub/machine-learning-for-trading/research_platform_definitive/company_valuation/output/tables/ScreenerResults.csv,2026-05-21,0.0,screener_score,,,,,,,,,,,,,,,,,,,,,actual,,3.5655046390220475,,,,,
34.0,HER.MI,,Italy,,WARN,,0.0,static_ftse_mib,2026-05-20T01:50:41+00:00,1.0,False,False,static_ftse_mib,/Users/itsgennymac/GitHub/machine-learning-for-trading/research_platform_definitive/company_valuation/output/tables/ScreenerResults.csv,2026-05-21,0.0,screener_score,,,,,,,,,,,,,,,,,,,,,actual,,3.552994920724733,,,,,
35.0,IBE.MC,,Spain,,WARN,,0.0,static_euro_stoxx_50,2026-05-20T01:50:41+00:00,1.0,False,False,static_euro_stoxx_50,/Users/itsgennymac/GitHub/machine-learning-for-trading/research_platform_definitive/company_valuation/output/tables/ScreenerResults.csv,2026-05-21,0.0,screener_score,,,,,,,,,,,,,,,,,,,,,actual,,3.5404852024274174,,,,,
36.0,IG.MI,,Italy,,WARN,,0.0,static_ftse_mib,2026-05-20T01:50:41+00:00,1.0,False,False,static_ftse_mib,/Users/itsgennymac/GitHub/machine-learning-for-trading/research_platform_definitive/company_valuation/output/tables/ScreenerResults.csv,2026-05-21,0.0,screener_score,,,,,,,,,,,,,,,,,,,,,actual,,3.5279754841301028,,,,,
37.0,INW.MI,,Italy,,WARN,,0.0,static_ftse_mib,2026-05-20T01:50:41+00:00,1.0,False,False,static_ftse_mib,/Users/itsgennymac/GitHub/machine-learning-for-trading/research_platform_definitive/company_valuation/output/tables/ScreenerResults.csv,2026-05-21,0.0,screener_score,,,,,,,,,,,,,,,,,,,,,actual,,-0.01250971829731462,,,,,
3.0,ISP.MI,,Italy,,WARN,,0.0,static_ftse_mib,2026-05-20T01:50:41+00:00,2.0,False,False,static_ftse_mib,/Users/itsgennymac/GitHub/machine-learning-for-trading/research_platform_definitive/company_valuation/output/tables/ScreenerResults.csv,2026-05-21,0.0,screener_score,,,,,,,,,,,,,,,,,,,,,actual,,3.5154657658327872,,,,,
38.0,ITX.MC,,Spain,,WARN,,0.0,static_euro_stoxx_50,2026-05-20T01:50:41+00:00,1.0,False,False,static_euro_stoxx_50,/Users/itsgennymac/GitHub/machine-learning-for-trading/research_platform_definitive/company_valuation/output/tables/ScreenerResults.csv,2026-05-21,0.0,screener_score,,,,,,,,,,,,,,,,,,,,,actual,,3.5029560475354726,,,,,
39.0,IVG.MI,,Italy,,WARN,,0.0,static_ftse_mib,2026-05-20T01:50:41+00:00,1.0,False,False,static_ftse_mib,/Users/itsgennymac/GitHub/machine-learning-for-trading/research_platform_definitive/company_valuation/output/tables/ScreenerResults.csv,2026-05-21,0.0,screener_score,,,,,,,,,,,,,,,,,,,,,actual,,3.490446329238158,,,,,
40.0,JPM,,,,WARN,,0.0,static_sp500_core_sample,2026-05-20T01:50:41+00:00,1.0,False,False,static_sp500_core_sample,/Users/itsgennymac/GitHub/machine-learning-for-trading/research_platform_definitive/company_valuation/output/tables/ScreenerResults.csv,2026-05-21,0.0,screener_score,,,,,,,,,,,,,,,,,,,,,actual,,3.4779366109408425,,,,,
41.0,LDO.MI,,Italy,,WARN,,0.0,static_ftse_mib,2026-05-20T01:50:41+00:00,1.0,False,False,static_ftse_mib,/Users/itsgennymac/GitHub/machine-learning-for-trading/research_platform_definitive/company_valuation/output/tables/ScreenerResults.csv,2026-05-21,0.0,screener_score,,,,,,,,,,,,,,,,,,,,,actual,,3.465426892643528,,,,,
42.0,LLY,,,,WARN,,0.0,static_sp500_core_sample,2026-05-20T01:50:41+00:00,1.0,False,False,static_sp500_core_sample,/Users/itsgennymac/GitHub/machine-learning-for-trading/research_platform_definitive/company_valuation/output/tables/ScreenerResults.csv,2026-05-21,0.0,screener_score,,,,,,,,,,,,,,,,,,,,,actual,,3.4529171743462133,,,,,
43.0,MA,,,,WARN,,0.0,static_sp500_core_sample,2026-05-20T01:50:41+00:00,1.0,False,False,static_sp500_core_sample,/Users/itsgennymac/GitHub/machine-learning-for-trading/research_platform_definitive/company_valuation/output/tables/ScreenerResults.csv,2026-05-21,0.0,screener_score,,,,,,,,,,,,,,,,,,,,,actual,,3.4404074560488977,,,,,
44.0,MB.MI,,Italy,,WARN,,0.0,static_ftse_mib,2026-05-20T01:50:41+00:00,1.0,False,False,static_ftse_mib,/Users/itsgennymac/GitHub/machine-learning-for-trading/research_platform_definitive/company_valuation/output/tables/ScreenerResults.csv,2026-05-21,0.0,screener_score,,,,,,,,,,,,,,,,,,,,,actual,,3.427897737751583,,,,,
45.0,MC.PA,,France,,WARN,,0.0,static_euro_stoxx_50,2026-05-20T01:50:41+00:00,1.0,False,False,static_euro_stoxx_50,/Users/itsgennymac/GitHub/machine-learning-for-trading/research_platform_definitive/company_valuation/output/tables/ScreenerResults.csv,2026-05-21,0.0,screener_score,,,,,,,,,,,,,,,,,,,,,actual,,3.4153880194542676,,,,,
46.0,META,,,,WARN,,0.0,static_sp500_core_sample,2026-05-20T01:50:41+00:00,1.0,False,False,static_sp500_core_sample,/Users/itsgennymac/GitHub/machine-learning-for-trading/research_platform_definitive/company_valuation/output/tables/ScreenerResults.csv,2026-05-21,0.0,screener_score,,,,,,,,,,,,,,,,,,,,,actual,,3.402878301156953,,,,,
47.0,MONC.MI,,Italy,,WARN,,0.0,static_ftse_mib,2026-05-20T01:50:41+00:00,1.0,False,False,static_ftse_mib,/Users/itsgennymac/GitHub/machine-learning-for-trading/research_platform_definitive/company_valuation/output/tables/ScreenerResults.csv,2026-05-21,0.0,screener_score,,,,,,,,,,,,,,,,,,,,,actual,,3.3903685828596384,,,,,
48.0,MRK,,,,WARN,,0.0,static_sp500_core_sample,2026-05-20T01:50:41+00:00,1.0,False,False,static_sp500_core_sample,/Users/itsgennymac/GitHub/machine-learning-for-trading/research_platform_definitive/company_valuation/output/tables/ScreenerResults.csv,2026-05-21,0.0,screener_score,,,,,,,,,,,,,,,,,,,,,actual,,3.377858864562323,,,,,
,NAN,,,,,,,,,,,,,/Users/itsgennymac/GitHub/machine-learning-for-trading/research_platform_definitive/company_valuation/output/tables/extended_valuation_results.csv,2026-05-21,,,all,WARN,No latest valuation/cross-section table available,,,,,,,,,,,,,,,,,,actual,,3.3653491462650083,,,,,
50.0,NEXI.MI,,Italy,,WARN,,0.0,static_ftse_mib,2026-05-20T01:50:41+00:00,1.0,False,False,static_ftse_mib,/Users/itsgennymac/GitHub/machine-learning-for-trading/research_platform_definitive/company_valuation/output/tables/ScreenerResults.csv,2026-05-21,0.0,screener_score,,,,,,,,,,,,,,,,,,,,,actual,,3.3528394279676927,,,,,
51.0,NVDA,,,,WARN,,0.0,static_sp500_core_sample,2026-05-20T01:50:41+00:00,1.0,False,False,static_sp500_core_sample,/Users/itsgennymac/GitHub/machine-learning-for-trading/research_platform_definitive/company_valuation/output/tables/ScreenerResults.csv,2026-05-21,0.0,screener_score,,,,,,,,,,,,,,,,,,,,,actual,,3.340329709670378,,,,,
52.0,OR.PA,,France,,WARN,,0.0,static_euro_stoxx_50,2026-05-20T01:50:41+00:00,1.0,False,False,static_euro_stoxx_50,/Users/itsgennymac/GitHub/machine-learning-for-trading/research_platform_definitive/company_valuation/output/tables/ScreenerResults.csv,2026-05-21,0.0,screener_score,,,,,,,,,,,,,,,,,,,,,actual,,3.3278199913730635,,,,,
53.0,PG,,,,WARN,,0.0,static_sp500_core_sample,2026-05-20T01:50:41+00:00,1.0,False,False,static_sp500_core_sample,/Users/itsgennymac/GitHub/machine-learning-for-trading/research_platform_definitive/company_valuation/output/tables/ScreenerResults.csv,2026-05-21,0.0,screener_score,,,,,,,,,,,,,,,,,,,,,actual,,3.315310273075748,,,,,
54.0,PIRC.MI,,Italy,,WARN,,0.0,static_ftse_mib,2026-05-20T01:50:41+00:00,1.0,False,False,static_ftse_mib,/Users/itsgennymac/GitHub/machine-learning-for-trading/research_platform_definitive/company_valuation/output/tables/ScreenerResults.csv,2026-05-21,0.0,screener_score,,,,,,,,,,,,,,,,,,,,,actual,,3.3028005547784334,,,,,
55.0,PRY.MI,,Italy,,WARN,,0.0,static_ftse_mib,2026-05-20T01:50:41+00:00,1.0,False,False,static_ftse_mib,/Users/itsgennymac/GitHub/machine-learning-for-trading/research_platform_definitive/company_valuation/output/tables/ScreenerResults.csv,2026-05-21,0.0,screener_score,,,,,,,,,,,,,,,,,,,,,actual,,3.290290836481118,,,,,
56.0,PST.MI,,Italy,,WARN,,0.0,static_ftse_mib,2026-05-20T01:50:41+00:00,1.0,False,False,static_ftse_mib,/Users/itsgennymac/GitHub/machine-learning-for-trading/research_platform_definitive/company_valuation/output/tables/ScreenerResults.csv,2026-05-21,0.0,screener_score,,,,,,,,,,,,,,,,,,,,,actual,,3.2777811181838032,,,,,
57.0,RACE.MI,,Italy,,WARN,,0.0,static_ftse_mib,2026-05-20T01:50:41+00:00,1.0,False,False,static_ftse_mib,/Users/itsgennymac/GitHub/machine-learning-for-trading/research_platform_definitive/company_valuation/output/tables/ScreenerResults.csv,2026-05-21,0.0,screener_score,,,,,,,,,,,,,,,,,,,,,actual,,3.2652713998864886,,,,,
58.0,REC.MI,,Italy,,WARN,,0.0,static_ftse_mib,2026-05-20T01:50:41+00:00,1.0,False,False,static_ftse_mib,/Users/itsgennymac/GitHub/machine-learning-for-trading/research_platform_definitive/company_valuation/output/tables/ScreenerResults.csv,2026-05-21,0.0,screener_score,,,,,,,,,,,,,,,,,,,,,actual,,3.5217206249814454,,,,,
59.0,SAN.PA,,France,,WARN,,0.0,static_euro_stoxx_50,2026-05-20T01:50:41+00:00,1.0,False,False,static_euro_stoxx_50,/Users/itsgennymac/GitHub/machine-learning-for-trading/research_platform_definitive/company_valuation/output/tables/ScreenerResults.csv,2026-05-21,0.0,screener_score,,,,,,,,,,,,,,,,,,,,,actual,,3.252761681589173,,,,,
60.0,SAP.DE,,Germany,,WARN,,0.0,static_euro_stoxx_50,2026-05-20T01:50:41+00:00,1.0,False,False,static_euro_stoxx_50,/Users/itsgennymac/GitHub/machine-learning-for-trading/research_platform_definitive/company_valuation/output/tables/ScreenerResults.csv,2026-05-21,0.0,screener_score,,,,,,,,,,,,,,,,,,,,,actual,,3.2402519632918585,,,,,
61.0,SIE.DE,,Germany,,WARN,,0.0,static_euro_stoxx_50,2026-05-20T01:50:41+00:00,1.0,False,False,static_euro_stoxx_50,/Users/itsgennymac/GitHub/machine-learning-for-trading/research_platform_definitive/company_valuation/output/tables/ScreenerResults.csv,2026-05-21,0.0,screener_score,,,,,,,,,,,,,,,,,,,,,actual,,3.227742244994543,,,,,
62.0,SRG.MI,,Italy,,WARN,,0.0,static_ftse_mib,2026-05-20T01:50:41+00:00,1.0,False,False,static_ftse_mib,/Users/itsgennymac/GitHub/machine-learning-for-trading/research_platform_definitive/company_valuation/output/tables/ScreenerResults.csv,2026-05-21,0.0,screener_score,,,,,,,,,,,,,,,,,,,,,actual,,3.2152325266972284,,,,,
63.0,STLAM.MI,,Italy,,WARN,,0.0,static_ftse_mib,2026-05-20T01:50:41+00:00,1.0,False,False,static_ftse_mib,/Users/itsgennymac/GitHub/machine-learning-for-trading/research_platform_definitive/company_valuation/output/tables/ScreenerResults.csv,2026-05-21,0.0,screener_score,,,,,,,,,,,,,,,,,,,,,actual,,3.2027228083999137,,,,,
64.0,STM.MI,,Italy,,WARN,,0.0,static_ftse_mib,2026-05-20T01:50:41+00:00,1.0,False,False,static_ftse_mib,/Users/itsgennymac/GitHub/machine-learning-for-trading/research_platform_definitive/company_valuation/output/tables/ScreenerResults.csv,2026-05-21,0.0,screener_score,,,,,,,,,,,,,,,,,,,,,actual,,3.1902130901025982,,,,,
65.0,SU.PA,,France,,WARN,,0.0,static_euro_stoxx_50,2026-05-20T01:50:41+00:00,1.0,False,False,static_euro_stoxx_50,/Users/itsgennymac/GitHub/machine-learning-for-trading/research_platform_definitive/company_valuation/output/tables/ScreenerResults.csv,2026-05-21,0.0,screener_score,,,,,,,,,,,,,,,,,,,,,actual,,3.1777033718052836,,,,,
66.0,TEN.MI,,Italy,,WARN,,0.0,static_ftse_mib,2026-05-20T01:50:41+00:00,1.0,False,False,static_ftse_mib,/Users/itsgennymac/GitHub/machine-learning-for-trading/research_platform_definitive/company_valuation/output/tables/ScreenerResults.csv,2026-05-21,0.0,screener_score,,,,,,,,,,,,,,,,,,,,,actual,,3.165193653507968,,,,,
67.0,TIT.MI,,Italy,,WARN,,0.0,static_ftse_mib,2026-05-20T01:50:41+00:00,1.0,False,False,static_ftse_mib,/Users/itsgennymac/GitHub/machine-learning-for-trading/research_platform_definitive/company_valuation/output/tables/ScreenerResults.csv,2026-05-21,0.0,screener_score,,,,,,,,,,,,,,,,,,,,,actual,,3.1526839352106535,,,,,
68.0,TRN.MI,,Italy,,WARN,,0.0,static_ftse_mib,2026-05-20T01:50:41+00:00,1.0,False,False,static_ftse_mib,/Users/itsgennymac/GitHub/machine-learning-for-trading/research_platform_definitive/company_valuation/output/tables/ScreenerResults.csv,2026-05-21,0.0,screener_score,,,,,,,,,,,,,,,,,,,,,actual,,3.140174216913339,,,,,
69.0,TTE.PA,,France,,WARN,,0.0,static_euro_stoxx_50,2026-05-20T01:50:41+00:00,1.0,False,False,static_euro_stoxx_50,/Users/itsgennymac/GitHub/machine-learning-for-trading/research_platform_definitive/company_valuation/output/tables/ScreenerResults.csv,2026-05-21,0.0,screener_score,,,,,,,,,,,,,,,,,,,,,actual,,3.1276644986160234,,,,,
70.0,UCG.MI,,Italy,,WARN,,0.0,static_ftse_mib,2026-05-20T01:50:41+00:00,1.0,False,False,static_ftse_mib,/Users/itsgennymac/GitHub/machine-learning-for-trading/research_platform_definitive/company_valuation/output/tables/ScreenerResults.csv,2026-05-21,0.0,screener_score,,,,,,,,,,,,,,,,,,,,,actual,,3.1151547803187087,,,,,
71.0,UNH,,,,WARN,,0.0,static_sp500_core_sample,2026-05-20T01:50:41+00:00,1.0,False,False,static_sp500_core_sample,/Users/itsgennymac/GitHub/machine-learning-for-trading/research_platform_definitive/company_valuation/output/tables/ScreenerResults.csv,2026-05-21,0.0,screener_score,,,,,,,,,,,,,,,,,,,,,actual,,3.1026450620213932,,,,,
72.0,UNI.MI,,Italy,,WARN,,0.0,static_ftse_mib,2026-05-20T01:50:41+00:00,1.0,False,False,static_ftse_mib,/Users/itsgennymac/GitHub/machine-learning-for-trading/research_platform_definitive/company_valuation/output/tables/ScreenerResults.csv,2026-05-21,0.0,screener_score,,,,,,,,,,,,,,,,,,,,,actual,,3.0901353437240786,,,,,
73.0,V,,,,WARN,,0.0,static_sp500_core_sample,2026-05-20T01:50:41+00:00,1.0,False,False,static_sp500_core_sample,/Users/itsgennymac/GitHub/machine-learning-for-trading/research_platform_definitive/company_valuation/output/tables/ScreenerResults.csv,2026-05-21,0.0,screener_score,,,,,,,,,,,,,,,,,,,,,actual,,3.077625625426764,,,,,
74.0,XOM,,,,WARN,,0.0,static_sp500_core_sample,2026-05-20T01:50:41+00:00,1.0,False,False,static_sp500_core_sample,/Users/itsgennymac/GitHub/machine-learning-for-trading/research_platform_definitive/company_valuation/output/tables/ScreenerResults.csv,2026-05-21,0.0,screener_score,,,,,,,,,,,,,,,,,,,,,actual,,3.0651159071294485,,,,,
