date,symbol,open,high,low,close,adj_close,volume,source,ingestion_ts
2026-03-02,AAPL,25.370741980630108,26.268764759968274,24.96590062776033,25.856177307492587,25.856177307492587,1721864.0,synthetic_sample,2026-05-23T18:18:53.425656+00:00
2026-03-03,AAPL,25.99457985343444,26.197069386176768,25.60629435173487,25.807325230352166,25.807325230352166,879754.0,synthetic_sample,2026-05-23T18:18:53.425656+00:00
2026-03-04,AAPL,25.915966122237027,25.93421178187791,25.204402761244275,25.222159959407623,25.222159959407623,2185109.0,synthetic_sample,2026-05-23T18:18:53.425656+00:00
2026-03-05,AAPL,25.26816640821,25.49457788556238,25.194706301274344,25.420674404401314,25.420674404401314,1574754.0,synthetic_sample,2026-05-23T18:18:53.425656+00:00
2026-03-06,AAPL,25.28526917293032,25.930796247141465,25.08206485879625,25.724065558894292,25.724065558894292,1264431.0,synthetic_sample,2026-05-23T18:18:53.425656+00:00
2026-03-09,AAPL,25.587426266703275,25.87821361161957,25.055094304058194,25.34310506990858,25.34310506990858,1713591.0,synthetic_sample,2026-05-23T18:18:53.425656+00:00
2026-03-10,AAPL,25.397162117918025,25.663217630071994,25.367995065517572,25.63377883816591,25.63377883816591,895980.0,synthetic_sample,2026-05-23T18:18:53.425656+00:00
2026-03-11,AAPL,25.495820803935686,25.656674380171317,25.355525748393717,25.516266816992918,25.516266816992918,1116465.0,synthetic_sample,2026-05-23T18:18:53.425656+00:00
2026-03-12,AAPL,25.493244303814116,25.980056145032922,25.32030506204795,25.805002023613373,25.805002023613373,1721824.0,synthetic_sample,2026-05-23T18:18:53.425656+00:00
2026-03-13,AAPL,25.836396435130645,26.65956513822404,25.59202769005309,26.409773215627958,26.409773215627958,752433.0,synthetic_sample,2026-05-23T18:18:53.425656+00:00
2026-03-16,AAPL,26.289598817912,26.416461159591993,26.167993764705255,26.294831900262437,26.294831900262437,1380487.0,synthetic_sample,2026-05-23T18:18:53.425656+00:00
2026-03-17,AAPL,26.18710067664749,26.193785163632676,25.754494777228484,25.761070516280956,25.761070516280956,1370760.0,synthetic_sample,2026-05-23T18:18:53.425656+00:00
2026-03-18,AAPL,25.75137187875536,25.96986686748248,25.310948133723844,25.527543989763494,25.527543989763494,1963303.0,synthetic_sample,2026-05-23T18:18:53.425656+00:00
2026-03-19,AAPL,25.5789718092444,25.994383842405192,25.310413481251867,25.72429969026969,25.72429969026969,807819.0,synthetic_sample,2026-05-23T18:18:53.425656+00:00
2026-03-20,AAPL,25.83352699817757,25.979993645139388,25.387485801779476,25.53224428598654,25.53224428598654,1794505.0,synthetic_sample,2026-05-23T18:18:53.425656+00:00
2026-03-23,AAPL,25.594242032351378,25.789294736457922,25.08419966917694,25.276833414789465,25.276833414789465,1043368.0,synthetic_sample,2026-05-23T18:18:53.425656+00:00
2026-03-24,AAPL,25.28428063671554,25.387997642917856,24.82067143102753,24.92290606606318,24.92290606606318,1073119.0,synthetic_sample,2026-05-23T18:18:53.425656+00:00
2026-03-25,AAPL,24.848516699063616,25.202441099967963,24.783490396522673,25.13666075071651,25.13666075071651,884105.0,synthetic_sample,2026-05-23T18:18:53.425656+00:00
2026-03-26,AAPL,25.028984647316058,25.78852522163511,24.776049169032053,25.53052136240416,25.53052136240416,914259.0,synthetic_sample,2026-05-23T18:18:53.425656+00:00
2026-03-27,AAPL,25.47834952873556,25.891876342282806,25.285988412956943,25.697857941632577,25.697857941632577,1327373.0,synthetic_sample,2026-05-23T18:18:53.425656+00:00
2026-03-30,AAPL,25.739995807344783,26.264573932075873,25.535067489730082,26.057120831698935,26.057120831698935,908681.0,synthetic_sample,2026-05-23T18:18:53.425656+00:00
2026-03-31,AAPL,26.092206610092546,26.4055338449276,25.7261529729986,26.038839349184137,26.038839349184137,1443965.0,synthetic_sample,2026-05-23T18:18:53.425656+00:00
2026-04-01,AAPL,25.82012330736282,26.25698881156689,25.774147204086372,26.21031791580622,26.21031791580622,1016718.0,synthetic_sample,2026-05-23T18:18:53.425656+00:00
2026-04-02,AAPL,26.127946537046068,26.492324980072432,26.028872109109848,26.39224834744208,26.39224834744208,886090.0,synthetic_sample,2026-05-23T18:18:53.425656+00:00
2026-04-03,AAPL,26.519406997195517,26.6952766342034,26.26958237270962,26.444958285711312,26.444958285711312,1051659.0,synthetic_sample,2026-05-23T18:18:53.425656+00:00
2026-04-06,AAPL,26.453337640250435,27.080608445367197,26.354329488862376,26.979630512883205,26.979630512883205,1305385.0,synthetic_sample,2026-05-23T18:18:53.425656+00:00
2026-04-07,AAPL,26.82670900524728,27.562036618554643,26.58171284744327,27.31260301132049,27.31260301132049,1119613.0,synthetic_sample,2026-05-23T18:18:53.425656+00:00
2026-04-08,AAPL,27.569977446115093,27.714730941616814,27.110574374505838,27.25366711325014,27.25366711325014,1210307.0,synthetic_sample,2026-05-23T18:18:53.425656+00:00
2026-04-09,AAPL,27.250512039897387,27.30582700325399,27.057517584240493,27.11255250785147,27.11255250785147,1428141.0,synthetic_sample,2026-05-23T18:18:53.425656+00:00
2026-04-10,AAPL,27.15423360646121,27.324302925830917,26.641067565868372,26.808974497504455,26.808974497504455,1572909.0,synthetic_sample,2026-05-23T18:18:53.425656+00:00
2026-04-13,AAPL,26.8518178934882,27.530156846314828,26.67241136351165,27.347438896430912,27.347438896430912,1110486.0,synthetic_sample,2026-05-23T18:18:53.425656+00:00
2026-04-14,AAPL,27.30722771823323,27.573165388285258,26.98983148523426,27.255263085852842,27.255263085852842,924286.0,synthetic_sample,2026-05-23T18:18:53.425656+00:00
2026-04-15,AAPL,27.175942237403305,27.661319775008025,26.970150686078505,27.453426953022678,27.453426953022678,1223047.0,synthetic_sample,2026-05-23T18:18:53.425656+00:00
2026-04-16,AAPL,27.68641594990493,28.070632247681615,27.469227490985556,27.852143723065115,27.852143723065115,1349837.0,synthetic_sample,2026-05-23T18:18:53.425656+00:00
2026-04-17,AAPL,27.96390945932278,28.469704954418862,27.76029957195824,28.263910707942106,28.263910707942106,832885.0,synthetic_sample,2026-05-23T18:18:53.425656+00:00
2026-04-20,AAPL,28.35683534658079,28.689526675817312,28.20804391468048,28.539775337675906,28.539775337675906,960472.0,synthetic_sample,2026-05-23T18:18:53.425656+00:00
2026-04-21,AAPL,28.60556399392058,28.695245970960165,27.918641685053117,28.00644535113271,28.00644535113271,1002528.0,synthetic_sample,2026-05-23T18:18:53.425656+00:00
2026-04-22,AAPL,27.89404793648069,28.138758427017034,27.694456165553483,27.93884610933111,27.93884610933111,1139245.0,synthetic_sample,2026-05-23T18:18:53.425656+00:00
2026-04-23,AAPL,28.081616987039332,28.2126879606238,27.606607800878063,27.736065914507893,27.736065914507893,992094.0,synthetic_sample,2026-05-23T18:18:53.425656+00:00
2026-04-24,AAPL,27.64252518259874,27.995224191052998,26.93253239438352,27.28061366870329,27.28061366870329,1432014.0,synthetic_sample,2026-05-23T18:18:53.425656+00:00
2026-04-27,AAPL,27.311526619494455,28.085676230514675,27.001029269889834,27.769966996420028,27.769966996420028,803352.0,synthetic_sample,2026-05-23T18:18:53.425656+00:00
2026-04-28,AAPL,27.58786378214397,28.219543778366113,27.3525018803338,27.980829347216527,27.980829347216527,808473.0,synthetic_sample,2026-05-23T18:18:53.425656+00:00
2026-04-29,AAPL,27.75240965432963,27.960937590415124,27.3331162539123,27.54004853664273,27.54004853664273,1103900.0,synthetic_sample,2026-05-23T18:18:53.425656+00:00
2026-04-30,AAPL,27.57511155732214,27.730860304092943,27.296530167042985,27.451581194088455,27.451581194088455,1148444.0,synthetic_sample,2026-05-23T18:18:53.425656+00:00
2026-05-01,AAPL,27.36273697717854,27.66146008046866,27.336591743141586,27.6350546455177,27.6350546455177,834152.0,synthetic_sample,2026-05-23T18:18:53.425656+00:00
2026-05-04,AAPL,27.415171627390134,27.87411714838075,27.274386192039575,27.731706209475156,27.731706209475156,1031108.0,synthetic_sample,2026-05-23T18:18:53.425656+00:00
2026-05-05,AAPL,27.791674305114274,28.37911742353307,27.613651952471884,28.19848917748983,28.19848917748983,1085522.0,synthetic_sample,2026-05-23T18:18:53.425656+00:00
2026-05-06,AAPL,28.43762147620135,28.63434799052064,27.829881748787248,28.02374513866022,28.02374513866022,1087626.0,synthetic_sample,2026-05-23T18:18:53.425656+00:00
2026-05-07,AAPL,28.179507868825254,28.52802083379549,27.957505606616213,28.305029692400907,28.305029692400907,1246441.0,synthetic_sample,2026-05-23T18:18:53.425656+00:00
2026-05-08,AAPL,28.275896130869583,28.54975725556449,27.487876140203905,27.756708768745746,27.756708768745746,1017071.0,synthetic_sample,2026-05-23T18:18:53.425656+00:00
2026-05-11,AAPL,27.75769083515357,28.126064563943324,27.667995085072025,28.03547119891845,28.03547119891845,1736342.0,synthetic_sample,2026-05-23T18:18:53.425656+00:00
2026-05-12,AAPL,28.13502025169911,28.564464117975742,28.043083514357985,28.471428101520836,28.471428101520836,1355774.0,synthetic_sample,2026-05-23T18:18:53.425656+00:00
2026-05-13,AAPL,28.599222450470563,29.06930905121042,28.261653624056837,28.730194308073234,28.730194308073234,980731.0,synthetic_sample,2026-05-23T18:18:53.425656+00:00
2026-05-14,AAPL,28.69071491625873,28.95133925768118,28.273936220286693,28.533129063427154,28.533129063427154,1228691.0,synthetic_sample,2026-05-23T18:18:53.425656+00:00
2026-05-15,AAPL,28.5370298521226,28.663646263071335,27.876055068098687,28.000290009326843,28.000290009326843,1237787.0,synthetic_sample,2026-05-23T18:18:53.425656+00:00
2026-05-18,AAPL,28.03395921640886,28.42733783324816,27.87777767526221,28.26984215163106,28.26984215163106,1625803.0,synthetic_sample,2026-05-23T18:18:53.425656+00:00
2026-05-19,AAPL,28.332474136214294,28.936994024724335,28.17411985234739,28.776159917042985,28.776159917042985,1032751.0,synthetic_sample,2026-05-23T18:18:53.425656+00:00
2026-05-20,AAPL,28.760842201136956,28.937039647738075,27.957073913847008,28.129402976543403,28.129402976543403,1453764.0,synthetic_sample,2026-05-23T18:18:53.425656+00:00
2026-05-21,AAPL,28.115891271543102,28.357131676920876,27.894036298204732,28.13512493588471,28.13512493588471,1212622.0,synthetic_sample,2026-05-23T18:18:53.425656+00:00
2026-05-22,AAPL,28.290411955837566,28.747018383941487,27.155808488931235,27.601292549817202,27.601292549817202,1742312.0,synthetic_sample,2026-05-23T18:18:53.425656+00:00
2026-03-02,MSFT,57.32137977748605,58.31922981251145,56.9017909249483,57.89543888384328,57.89543888384328,2585011.0,synthetic_sample,2026-05-23T18:18:53.427675+00:00
2026-03-03,MSFT,57.515370327069185,58.44570308019655,57.23863341423448,58.165836430383514,58.165836430383514,1841877.0,synthetic_sample,2026-05-23T18:18:53.427675+00:00
2026-03-04,MSFT,57.74007875637921,59.19186180585695,57.45692886159032,58.903009050981005,58.903009050981005,2125075.0,synthetic_sample,2026-05-23T18:18:53.427675+00:00
2026-03-05,MSFT,58.87428127202018,59.55833176136917,58.543146057603614,59.22522269587324,59.22522269587324,1403124.0,synthetic_sample,2026-05-23T18:18:53.427675+00:00
2026-03-06,MSFT,59.1751789747613,60.40063857948872,58.68955714370595,59.908994680853276,59.908994680853276,1877290.0,synthetic_sample,2026-05-23T18:18:53.427675+00:00
2026-03-09,MSFT,59.974247972562125,60.198856196453164,58.23043474013732,58.44933203522396,58.44933203522396,2171578.0,synthetic_sample,2026-05-23T18:18:53.427675+00:00
2026-03-10,MSFT,58.29747891939921,58.548262970835914,58.12775352552526,58.37830227047274,58.37830227047274,1158204.0,synthetic_sample,2026-05-23T18:18:53.427675+00:00
2026-03-11,MSFT,58.81863618268931,59.273121711127395,57.39086259748233,57.83776906699736,57.83776906699736,1459186.0,synthetic_sample,2026-05-23T18:18:53.427675+00:00
2026-03-12,MSFT,57.8749252041443,59.846353691805696,57.52172034583008,59.48333288290005,59.48333288290005,889939.0,synthetic_sample,2026-05-23T18:18:53.427675+00:00
2026-03-13,MSFT,59.53874322031542,59.7522067205599,58.68757606897074,58.89874499169069,58.89874499169069,1453722.0,synthetic_sample,2026-05-23T18:18:53.427675+00:00
2026-03-16,MSFT,58.945212303087175,59.15001866418922,58.862997760745166,59.06763337358977,59.06763337358977,1239500.0,synthetic_sample,2026-05-23T18:18:53.427675+00:00
2026-03-17,MSFT,59.30459142337289,60.68880980613826,58.663328925661354,60.03959964040006,60.03959964040006,1439461.0,synthetic_sample,2026-05-23T18:18:53.427675+00:00
2026-03-18,MSFT,60.17793506020625,60.43286497796659,58.97457662719582,59.22547165380177,59.22547165380177,3156997.0,synthetic_sample,2026-05-23T18:18:53.427675+00:00
2026-03-19,MSFT,59.33018652816035,59.5530980804967,58.678980594146,58.90027691780677,58.90027691780677,2335349.0,synthetic_sample,2026-05-23T18:18:53.427675+00:00
2026-03-20,MSFT,59.07367558814152,59.416628405989805,58.719650856240904,59.0625390206345,59.0625390206345,1060614.0,synthetic_sample,2026-05-23T18:18:53.427675+00:00
2026-03-23,MSFT,58.63147352784162,59.269149092991725,58.41931493778956,59.055456316856464,59.055456316856464,1746554.0,synthetic_sample,2026-05-23T18:18:53.427675+00:00
2026-03-24,MSFT,58.63336390336028,60.98982707176838,58.37599818386825,60.723287824818236,60.723287824818236,1856036.0,synthetic_sample,2026-05-23T18:18:53.427675+00:00
2026-03-25,MSFT,60.7048136764881,61.092622836030166,59.895082507249,60.28017891238154,60.28017891238154,1396873.0,synthetic_sample,2026-05-23T18:18:53.427675+00:00
2026-03-26,MSFT,60.23251564432405,62.032444190827555,59.97280277875385,61.766118677022284,61.766118677022284,1589290.0,synthetic_sample,2026-05-23T18:18:53.427675+00:00
2026-03-27,MSFT,61.909369091572636,62.174534979429055,61.0623957409886,61.32505895244728,61.32505895244728,1628576.0,synthetic_sample,2026-05-23T18:18:53.427675+00:00
2026-03-30,MSFT,61.32996910327307,61.450137162220116,60.82928715780291,60.94870818581102,60.94870818581102,1085518.0,synthetic_sample,2026-05-23T18:18:53.427675+00:00
2026-03-31,MSFT,61.09056385018545,61.17516603620825,60.181390405846635,60.26484908836451,60.26484908836451,1174542.0,synthetic_sample,2026-05-23T18:18:53.427675+00:00
2026-04-01,MSFT,59.96458664458334,60.39235418035407,59.5902548587182,60.01769088871767,60.01769088871767,1586903.0,synthetic_sample,2026-05-23T18:18:53.427675+00:00
2026-04-02,MSFT,60.01511143149558,61.454229824745326,59.58141810786761,61.01332302283818,61.01332302283818,1558246.0,synthetic_sample,2026-05-23T18:18:53.427675+00:00
2026-04-03,MSFT,60.68603371105829,61.213369668733066,60.66859415770932,61.195783626804975,61.195783626804975,1273246.0,synthetic_sample,2026-05-23T18:18:53.427675+00:00
2026-04-06,MSFT,61.29047992458939,61.84453150038998,59.43701301488659,59.97921102713495,59.97921102713495,1246222.0,synthetic_sample,2026-05-23T18:18:53.427675+00:00
2026-04-07,MSFT,59.52857880743487,61.33806604688323,58.98947665403049,60.787562299067616,60.787562299067616,1486264.0,synthetic_sample,2026-05-23T18:18:53.427675+00:00
2026-04-08,MSFT,60.872253986325404,61.474813609375396,59.51884798279991,60.11390085279984,60.11390085279984,1896951.0,synthetic_sample,2026-05-23T18:18:53.427675+00:00
2026-04-09,MSFT,59.760671720255544,60.41583839460681,59.33042139735133,59.98398034865148,59.98398034865148,1491212.0,synthetic_sample,2026-05-23T18:18:53.427675+00:00
2026-04-10,MSFT,59.89195825420437,60.40393438194964,59.12067283640252,59.63041319105629,59.63041319105629,2280496.0,synthetic_sample,2026-05-23T18:18:53.427675+00:00
2026-04-13,MSFT,59.843872823125245,61.62554524953434,58.961767951153746,60.73037326934071,60.73037326934071,1277309.0,synthetic_sample,2026-05-23T18:18:53.427675+00:00
2026-04-14,MSFT,60.78560875566695,61.07700971195171,60.42340020576572,60.7144600814538,60.7144600814538,1595182.0,synthetic_sample,2026-05-23T18:18:53.427675+00:00
2026-04-15,MSFT,60.314798593610014,61.43633127082213,60.20519249111717,61.324889596619116,61.324889596619116,1391158.0,synthetic_sample,2026-05-23T18:18:53.427675+00:00
2026-04-16,MSFT,61.15995168345388,61.644054626021095,61.1516192802052,61.63565741284606,61.63565741284606,1760681.0,synthetic_sample,2026-05-23T18:18:53.427675+00:00
2026-04-17,MSFT,61.265503603072894,63.801694452370526,60.467661591460576,62.98150547058111,62.98150547058111,1250212.0,synthetic_sample,2026-05-23T18:18:53.427675+00:00
2026-04-20,MSFT,62.55455170372432,64.54139480623577,61.73664161739336,63.70839800751944,63.70839800751944,2460980.0,synthetic_sample,2026-05-23T18:18:53.427675+00:00
2026-04-21,MSFT,63.738382537343334,63.88508286438607,60.85767451999955,60.99806773566601,60.99806773566601,996065.0,synthetic_sample,2026-05-23T18:18:53.427675+00:00
2026-04-22,MSFT,61.13477620091665,61.86320230619895,60.945825924148636,61.67258979993247,61.67258979993247,2333993.0,synthetic_sample,2026-05-23T18:18:53.427675+00:00
2026-04-23,MSFT,61.781283032779356,62.071904403016845,61.26192394573682,61.551464240134734,61.551464240134734,1554583.0,synthetic_sample,2026-05-23T18:18:53.427675+00:00
2026-04-24,MSFT,61.69983449151961,62.372179284014784,60.694258898835386,61.36293246063909,61.36293246063909,1745108.0,synthetic_sample,2026-05-23T18:18:53.427675+00:00
2026-04-27,MSFT,61.36000892168527,62.03899385345428,61.30780436568978,61.986256491533545,61.986256491533545,2121963.0,synthetic_sample,2026-05-23T18:18:53.427675+00:00
2026-04-28,MSFT,61.9184707466467,62.11730493851522,61.802901277040114,62.00158034666035,62.00158034666035,1883489.0,synthetic_sample,2026-05-23T18:18:53.427675+00:00
2026-04-29,MSFT,61.735452370262784,62.641115031403,59.89035318757197,60.78202907374307,60.78202907374307,1266432.0,synthetic_sample,2026-05-23T18:18:53.427675+00:00
2026-04-30,MSFT,60.67503333213066,61.93405828195895,60.23517009375411,61.48829927768287,61.48829927768287,1766028.0,synthetic_sample,2026-05-23T18:18:53.427675+00:00
2026-05-01,MSFT,61.1633094178148,61.64146296085556,60.36244464044217,60.83805546083766,60.83805546083766,2424387.0,synthetic_sample,2026-05-23T18:18:53.427675+00:00
2026-05-04,MSFT,60.63238255198592,61.60044441446278,60.31833251975799,61.283024333691266,61.283024333691266,1217607.0,synthetic_sample,2026-05-23T18:18:53.427675+00:00
2026-05-05,MSFT,61.30482316395116,62.36832920635447,60.822774775443584,61.88174440553141,61.88174440553141,2581363.0,synthetic_sample,2026-05-23T18:18:53.427675+00:00
2026-05-06,MSFT,61.852584220736915,62.471190588560944,61.8490695383538,62.467640956480885,62.467640956480885,1673866.0,synthetic_sample,2026-05-23T18:18:53.427675+00:00
2026-05-07,MSFT,63.23342627928277,63.4001296822733,62.900245181085985,63.06650853586969,63.06650853586969,1363975.0,synthetic_sample,2026-05-23T18:18:53.427675+00:00
2026-05-08,MSFT,62.727010017719344,63.12975703652922,62.00849135562828,62.40919781941454,62.40919781941454,1215783.0,synthetic_sample,2026-05-23T18:18:53.427675+00:00
2026-05-11,MSFT,62.37796857615315,63.24392817121903,62.18562214458125,63.04951099590481,63.04951099590481,1437476.0,synthetic_sample,2026-05-23T18:18:53.427675+00:00
2026-05-12,MSFT,62.69044854230256,63.871591514936625,62.39016571065659,63.56710953888241,63.56710953888241,932292.0,synthetic_sample,2026-05-23T18:18:53.427675+00:00
2026-05-13,MSFT,63.46850782986076,64.78409398358788,63.1801486596413,64.49108887741629,64.49108887741629,1370121.0,synthetic_sample,2026-05-23T18:18:53.427675+00:00
2026-05-14,MSFT,64.40155120839015,65.07671872901236,64.09311678303273,64.76653630278011,64.76653630278011,1423301.0,synthetic_sample,2026-05-23T18:18:53.427675+00:00
2026-05-15,MSFT,64.9854161143422,65.2320794886511,64.28088717905784,64.52580602386207,64.52580602386207,1161958.0,synthetic_sample,2026-05-23T18:18:53.427675+00:00
2026-05-18,MSFT,64.40974564032209,65.32619695147338,64.27986774900346,65.19473617987835,65.19473617987835,1832483.0,synthetic_sample,2026-05-23T18:18:53.427675+00:00
2026-05-19,MSFT,65.14484405647154,65.24790478558974,65.06092919780308,65.16396529632827,65.16396529632827,1439101.0,synthetic_sample,2026-05-23T18:18:53.427675+00:00
2026-05-20,MSFT,65.05180039723656,66.992291910628,64.62382537077144,66.5544310945533,66.5544310945533,1296621.0,synthetic_sample,2026-05-23T18:18:53.427675+00:00
2026-05-21,MSFT,66.18144628751425,67.68962815367942,65.86380816783617,67.36630330792984,67.36630330792984,1401267.0,synthetic_sample,2026-05-23T18:18:53.427675+00:00
2026-05-22,MSFT,67.1905844032657,67.22410402635339,67.12660360203841,67.16010802125719,67.16010802125719,1661112.0,synthetic_sample,2026-05-23T18:18:53.427675+00:00
2026-03-02,NVDA,146.09793328749316,150.29136569199227,144.43847057356743,148.60344397477112,148.60344397477112,1632011.0,synthetic_sample,2026-05-23T18:18:53.429442+00:00
2026-03-03,NVDA,147.42129047504233,147.55400964348638,146.81926216664203,146.95155844878713,146.95155844878713,1422014.0,synthetic_sample,2026-05-23T18:18:53.429442+00:00
2026-03-04,NVDA,147.759712552208,149.32923175796918,145.52957984238407,147.0920066053591,147.0920066053591,1844293.0,synthetic_sample,2026-05-23T18:18:53.429442+00:00
2026-03-05,NVDA,146.4883172054415,151.33918883491083,144.66061912168536,149.47423618707012,149.47423618707012,1968570.0,synthetic_sample,2026-05-23T18:18:53.429442+00:00
2026-03-06,NVDA,149.57576800218214,150.69795965741457,148.8112596424961,149.93163241142486,149.93163241142486,1474488.0,synthetic_sample,2026-05-23T18:18:53.429442+00:00
2026-03-09,NVDA,149.07890454169996,150.9703915922841,148.388972511135,150.2749244229428,150.2749244229428,2355955.0,synthetic_sample,2026-05-23T18:18:53.429442+00:00
2026-03-10,NVDA,150.64803646103098,152.39439602702322,149.12161365944823,150.86576709641113,150.86576709641113,1969011.0,synthetic_sample,2026-05-23T18:18:53.429442+00:00
2026-03-11,NVDA,150.39180959466475,151.18219051654785,148.64749014518176,149.4328311766069,149.4328311766069,2276730.0,synthetic_sample,2026-05-23T18:18:53.429442+00:00
2026-03-12,NVDA,148.75383115089312,150.10106733810792,148.24620769015107,149.59058843743327,149.59058843743327,1695083.0,synthetic_sample,2026-05-23T18:18:53.429442+00:00
2026-03-13,NVDA,149.70687625027642,155.4909056834841,148.86779591342034,154.62426426396883,154.62426426396883,1955335.0,synthetic_sample,2026-05-23T18:18:53.429442+00:00
2026-03-16,NVDA,154.19086198816302,161.71489801334494,152.97558884287974,160.4502904572849,160.4502904572849,1744541.0,synthetic_sample,2026-05-23T18:18:53.429442+00:00
2026-03-17,NVDA,160.08179448234188,161.8549568885193,158.64740791005227,160.4175617290778,160.4175617290778,2649010.0,synthetic_sample,2026-05-23T18:18:53.429442+00:00
2026-03-18,NVDA,160.5277940138806,160.92549894931625,159.37042461832704,159.76624282337488,159.76624282337488,1894266.0,synthetic_sample,2026-05-23T18:18:53.429442+00:00
2026-03-19,NVDA,160.27748806059685,161.0661808061404,159.07485772481218,159.8615034953699,159.8615034953699,1844031.0,synthetic_sample,2026-05-23T18:18:53.429442+00:00
2026-03-20,NVDA,159.33818056555984,160.91684415315842,156.5069975404138,158.0731274510166,158.0731274510166,1640835.0,synthetic_sample,2026-05-23T18:18:53.429442+00:00
2026-03-23,NVDA,157.4464038739376,160.3026507514648,156.5395117194097,159.38459460762297,159.38459460762297,1617327.0,synthetic_sample,2026-05-23T18:18:53.429442+00:00
2026-03-24,NVDA,159.39956634639918,161.82840739543335,159.38124305129904,161.8098070384034,161.8098070384034,1952667.0,synthetic_sample,2026-05-23T18:18:53.429442+00:00
2026-03-25,NVDA,162.1588324622295,163.93456119560656,156.71374320946066,158.44884553796143,158.44884553796143,2258413.0,synthetic_sample,2026-05-23T18:18:53.429442+00:00
2026-03-26,NVDA,159.37593302378133,162.69177053881575,158.55617400148685,161.85923849598214,161.85923849598214,1550575.0,synthetic_sample,2026-05-23T18:18:53.429442+00:00
2026-03-27,NVDA,161.16562012415005,163.11832136848813,159.49515859974295,161.44496447477445,161.44496447477445,1899158.0,synthetic_sample,2026-05-23T18:18:53.429442+00:00
2026-03-30,NVDA,161.23962772529947,161.30705381905807,159.74758421833877,159.81441432602597,159.81441432602597,1926699.0,synthetic_sample,2026-05-23T18:18:53.429442+00:00
2026-03-31,NVDA,160.56604454590646,161.4517353591705,158.2347730101616,159.11244569510987,159.11244569510987,2012457.0,synthetic_sample,2026-05-23T18:18:53.429442+00:00
2026-04-01,NVDA,160.36822128404063,162.94861118415653,159.0790301185703,161.64912292202763,161.64912292202763,1200684.0,synthetic_sample,2026-05-23T18:18:53.429442+00:00
2026-04-02,NVDA,161.00699376594756,166.77114228594328,160.09707553204157,165.83394492106612,165.83394492106612,1460213.0,synthetic_sample,2026-05-23T18:18:53.429442+00:00
2026-04-03,NVDA,165.34386454020114,169.59227625313608,165.13421262202706,169.3775097728788,169.3775097728788,1307745.0,synthetic_sample,2026-05-23T18:18:53.429442+00:00
2026-04-06,NVDA,169.63570891287569,170.23744294336643,166.34144993245837,166.93359900293473,166.93359900293473,1855189.0,synthetic_sample,2026-05-23T18:18:53.429442+00:00
2026-04-07,NVDA,166.5478200348325,169.13705071581262,164.5337471680081,167.1161055380068,167.1161055380068,1468912.0,synthetic_sample,2026-05-23T18:18:53.429442+00:00
2026-04-08,NVDA,166.60858612194883,168.98911035778394,165.4436334287251,167.81571721946753,167.81571721946753,1625321.0,synthetic_sample,2026-05-23T18:18:53.429442+00:00
2026-04-09,NVDA,167.97982126005502,169.77169631679095,164.62134411258597,166.39632772036697,166.39632772036697,1365056.0,synthetic_sample,2026-05-23T18:18:53.429442+00:00
2026-04-10,NVDA,167.42759888196278,169.25015421592846,165.8010939388238,167.62176303091445,167.62176303091445,1663554.0,synthetic_sample,2026-05-23T18:18:53.429442+00:00
2026-04-13,NVDA,166.74377210706513,170.41260983170082,165.34522750979352,168.99518178944203,168.99518178944203,1389216.0,synthetic_sample,2026-05-23T18:18:53.429442+00:00
2026-04-14,NVDA,170.0080267691441,170.8095552110559,168.90376883657925,169.70386325379718,169.70386325379718,2223856.0,synthetic_sample,2026-05-23T18:18:53.429442+00:00
2026-04-15,NVDA,169.31370102630567,173.9120197082677,167.9661218168669,172.53877194107275,172.53877194107275,2074194.0,synthetic_sample,2026-05-23T18:18:53.429442+00:00
2026-04-16,NVDA,172.7774219948369,174.8041266888311,169.38813901950687,171.39867075773037,171.39867075773037,1910420.0,synthetic_sample,2026-05-23T18:18:53.429442+00:00
2026-04-17,NVDA,172.48934955361372,181.2545700405432,171.3971394521969,180.11407981381822,180.11407981381822,1706219.0,synthetic_sample,2026-05-23T18:18:53.429442+00:00
2026-04-20,NVDA,180.34846125169508,186.72378168230654,177.89449505571238,184.21717466055028,184.21717466055028,1105551.0,synthetic_sample,2026-05-23T18:18:53.429442+00:00
2026-04-21,NVDA,183.99796281900606,183.99838830585557,176.75718907146023,176.75759781529777,176.75759781529777,1640849.0,synthetic_sample,2026-05-23T18:18:53.429442+00:00
2026-04-22,NVDA,177.26536980680586,177.34117458484974,176.75277882629823,176.828396739607,176.828396739607,1521051.0,synthetic_sample,2026-05-23T18:18:53.429442+00:00
2026-04-23,NVDA,176.70591393189528,180.43237710322398,174.94728351304352,178.6543552105626,178.6543552105626,1957336.0,synthetic_sample,2026-05-23T18:18:53.429442+00:00
2026-04-24,NVDA,179.0269217529773,179.51477517296584,174.61721807412493,175.09435513897995,175.09435513897995,2148333.0,synthetic_sample,2026-05-23T18:18:53.429442+00:00
2026-04-27,NVDA,174.9510011892993,177.4306425564194,169.14763966535946,171.57949551027994,171.57949551027994,1995558.0,synthetic_sample,2026-05-23T18:18:53.429442+00:00
2026-04-28,NVDA,172.1705202287703,174.12454638857744,169.05926910755397,171.0000107272245,171.0000107272245,2523193.0,synthetic_sample,2026-05-23T18:18:53.429442+00:00
2026-04-29,NVDA,170.04635618969522,172.89012041006583,167.9462350528979,170.7809271122676,170.7809271122676,1596298.0,synthetic_sample,2026-05-23T18:18:53.429442+00:00
2026-04-30,NVDA,170.08856646182338,171.71082787394633,165.49128496806662,167.08489815716774,167.08489815716774,1579837.0,synthetic_sample,2026-05-23T18:18:53.429442+00:00
2026-05-01,NVDA,166.14325550764855,166.52765542685796,161.99602730254537,162.37170110643527,162.37170110643527,2385086.0,synthetic_sample,2026-05-23T18:18:53.429442+00:00
2026-05-04,NVDA,162.33505093679096,162.85524014475786,162.23158402969378,162.75150780204748,162.75150780204748,1918070.0,synthetic_sample,2026-05-23T18:18:53.429442+00:00
2026-05-05,NVDA,161.75576919663888,166.43731954951994,159.81774442389784,164.4668132732959,164.4668132732959,1729817.0,synthetic_sample,2026-05-23T18:18:53.429442+00:00
2026-05-06,NVDA,164.01167993540358,164.011963212433,162.12004806560736,162.1203280759393,162.1203280759393,2919452.0,synthetic_sample,2026-05-23T18:18:53.429442+00:00
2026-05-07,NVDA,161.40212944266082,163.71028223092276,159.4105009663152,161.71479559719646,161.71479559719646,2125906.0,synthetic_sample,2026-05-23T18:18:53.429442+00:00
2026-05-08,NVDA,162.67193775323605,164.08367950213417,154.42065476979866,155.77252020610786,155.77252020610786,1754405.0,synthetic_sample,2026-05-23T18:18:53.429442+00:00
2026-05-11,NVDA,155.15523710539944,160.49022101095997,154.27162967710055,159.58140659440622,159.58140659440622,1550038.0,synthetic_sample,2026-05-23T18:18:53.429442+00:00
2026-05-12,NVDA,158.76017150272423,159.99345079645042,157.43059469320548,158.66312007291356,158.66312007291356,2563552.0,synthetic_sample,2026-05-23T18:18:53.429442+00:00
2026-05-13,NVDA,158.82072873932,160.06924449353124,156.0299089897186,157.2662043733483,157.2662043733483,1937725.0,synthetic_sample,2026-05-23T18:18:53.429442+00:00
2026-05-14,NVDA,158.3273242150866,159.78266634550954,157.5055486506694,158.95761932355285,158.95761932355285,1851312.0,synthetic_sample,2026-05-23T18:18:53.429442+00:00
2026-05-15,NVDA,158.8838203371579,160.74319779714045,154.64486598013994,156.4760660967384,156.4760660967384,2178932.0,synthetic_sample,2026-05-23T18:18:53.429442+00:00
2026-05-18,NVDA,156.4518315177003,158.4238918263271,154.6423716765297,156.61257291391115,156.61257291391115,2292832.0,synthetic_sample,2026-05-23T18:18:53.429442+00:00
2026-05-19,NVDA,157.42116830186046,158.46371158827043,150.801524394959,151.8068863286812,151.8068863286812,2111151.0,synthetic_sample,2026-05-23T18:18:53.429442+00:00
2026-05-20,NVDA,152.34017137394977,152.97173199028714,151.7917433364794,152.42300574721315,152.42300574721315,2295061.0,synthetic_sample,2026-05-23T18:18:53.429442+00:00
2026-05-21,NVDA,152.68237786979097,154.396056812563,150.3072117142147,152.0133819699837,152.0133819699837,2059801.0,synthetic_sample,2026-05-23T18:18:53.429442+00:00
2026-05-22,NVDA,151.6592876356518,151.97629217564565,149.8674748416775,150.18139021912825,150.18139021912825,2113802.0,synthetic_sample,2026-05-23T18:18:53.429442+00:00
2026-03-02,SPY,290.4695787311219,299.71633480422923,288.00231696573053,297.19197271965044,297.19197271965044,3250360.0,synthetic_sample,2026-05-23T18:18:53.431037+00:00
2026-03-03,SPY,294.94606115272944,299.19090664286324,291.8245846099439,296.0576657534965,296.0576657534965,2468246.0,synthetic_sample,2026-05-23T18:18:53.431037+00:00
2026-03-04,SPY,296.37818753322153,298.8870888435107,295.3512707063816,297.8550548388522,297.8550548388522,2180118.0,synthetic_sample,2026-05-23T18:18:53.431037+00:00
2026-03-05,SPY,297.09122497061685,298.8383478013299,294.1816632732249,295.92190963859275,295.92190963859275,2211824.0,synthetic_sample,2026-05-23T18:18:53.431037+00:00
2026-03-06,SPY,296.8916751100771,297.91853181425705,293.2444379468036,294.26220010822436,294.26220010822436,2165518.0,synthetic_sample,2026-05-23T18:18:53.431037+00:00
2026-03-09,SPY,294.2417354830782,296.1990167666442,283.16577302943625,285.0619911133399,285.0619911133399,2867479.0,synthetic_sample,2026-05-23T18:18:53.431037+00:00
2026-03-10,SPY,286.6020188841273,290.43763011596354,285.77464435112296,289.60159627917585,289.60159627917585,1736635.0,synthetic_sample,2026-05-23T18:18:53.431037+00:00
2026-03-11,SPY,289.1038129334816,293.11267569550967,287.859621983242,291.85663765280657,291.85663765280657,2074795.0,synthetic_sample,2026-05-23T18:18:53.431037+00:00
2026-03-12,SPY,289.9834499698084,298.67736019550676,288.7295621234397,297.3914402144258,297.3914402144258,2012870.0,synthetic_sample,2026-05-23T18:18:53.431037+00:00
2026-03-13,SPY,297.67398117876064,309.51166634303127,295.5386336111643,307.30721531199805,307.30721531199805,1402925.0,synthetic_sample,2026-05-23T18:18:53.431037+00:00
2026-03-16,SPY,306.99676436789355,315.01404565052883,305.1511551201669,313.1315551457123,313.1315551457123,2677375.0,synthetic_sample,2026-05-23T18:18:53.431037+00:00
2026-03-17,SPY,310.8528844422326,318.2166342922072,308.35822587737545,315.68321135676996,315.68321135676996,2817466.0,synthetic_sample,2026-05-23T18:18:53.431037+00:00
2026-03-18,SPY,314.35054801774066,319.173155133914,312.5989824665686,317.4045725164821,317.4045725164821,1843293.0,synthetic_sample,2026-05-23T18:18:53.431037+00:00
2026-03-19,SPY,316.46869568150413,320.9522991646226,315.30377778854734,319.77521002762916,319.77521002762916,2794467.0,synthetic_sample,2026-05-23T18:18:53.431037+00:00
2026-03-20,SPY,321.7647022289847,323.94148278026876,313.6868432464771,315.8234303114328,315.8234303114328,1453819.0,synthetic_sample,2026-05-23T18:18:53.431037+00:00
2026-03-23,SPY,316.71714214815125,317.4554934915405,313.09099180196876,313.8225951915864,313.8225951915864,2172974.0,synthetic_sample,2026-05-23T18:18:53.431037+00:00
2026-03-24,SPY,313.38608658667846,319.89325327628353,310.79230550500915,317.26734842157117,317.26734842157117,2092885.0,synthetic_sample,2026-05-23T18:18:53.431037+00:00
2026-03-25,SPY,317.86491478416536,319.4091468022852,308.83343869952836,310.34111907039613,310.34111907039613,2207908.0,synthetic_sample,2026-05-23T18:18:53.431037+00:00
2026-03-26,SPY,307.80940602473635,309.9080744529653,303.35880313609255,305.44132580955954,305.44132580955954,2205037.0,synthetic_sample,2026-05-23T18:18:53.431037+00:00
2026-03-27,SPY,304.75114312337166,306.8478602501985,296.4435603756893,298.4972501181427,298.4972501181427,2118796.0,synthetic_sample,2026-05-23T18:18:53.431037+00:00
2026-03-30,SPY,298.97603418991895,304.65657135175456,295.266883114794,300.9232626066181,300.9232626066181,1960432.0,synthetic_sample,2026-05-23T18:18:53.431037+00:00
2026-03-31,SPY,301.1223249173315,304.3807546121878,298.85597748236694,302.10699621139,302.10699621139,2102089.0,synthetic_sample,2026-05-23T18:18:53.431037+00:00
2026-04-01,SPY,301.45522315088164,308.31196259668775,299.55820286863025,306.3839265957423,306.3839265957423,3037132.0,synthetic_sample,2026-05-23T18:18:53.431037+00:00
2026-04-02,SPY,306.33697861197095,325.5628439991723,305.3473518804397,324.514494498631,324.514494498631,1869047.0,synthetic_sample,2026-05-23T18:18:53.431037+00:00
2026-04-03,SPY,324.9533789406002,327.9460502834696,320.0650797121385,323.0401309196433,323.0401309196433,3795982.0,synthetic_sample,2026-05-23T18:18:53.431037+00:00
2026-04-06,SPY,323.0280406127401,324.6170730171301,319.0968970856702,320.67435127343566,320.67435127343566,1842857.0,synthetic_sample,2026-05-23T18:18:53.431037+00:00
2026-04-07,SPY,321.7787588147568,330.3612736533557,321.7459629358343,330.32760647089003,330.32760647089003,2293601.0,synthetic_sample,2026-05-23T18:18:53.431037+00:00
2026-04-08,SPY,330.7487108914357,339.36920666320503,329.0223193381792,337.60701717138835,337.60701717138835,2491562.0,synthetic_sample,2026-05-23T18:18:53.431037+00:00
2026-04-09,SPY,338.2974106525046,340.58631712282425,333.69060758084726,335.9637244254214,335.9637244254214,2008060.0,synthetic_sample,2026-05-23T18:18:53.431037+00:00
2026-04-10,SPY,338.2664934200646,342.8556063175292,337.34438666830147,341.92353056585273,341.92353056585273,3051701.0,synthetic_sample,2026-05-23T18:18:53.431037+00:00
2026-04-13,SPY,343.05530611358483,345.5942315287853,341.1591437998874,343.69453601322834,343.69453601322834,2475423.0,synthetic_sample,2026-05-23T18:18:53.431037+00:00
2026-04-14,SPY,346.0879676350172,357.22027587623364,344.1103972278338,355.190691877794,355.190691877794,2052139.0,synthetic_sample,2026-05-23T18:18:53.431037+00:00
2026-04-15,SPY,354.23606096331247,365.56059504638034,352.18986296651264,363.46110976895994,363.46110976895994,3043245.0,synthetic_sample,2026-05-23T18:18:53.431037+00:00
2026-04-16,SPY,361.1459877152162,365.0964074715593,355.85657290807114,359.792183991024,359.792183991024,1675707.0,synthetic_sample,2026-05-23T18:18:53.431037+00:00
2026-04-17,SPY,359.5902962627765,367.5287719981605,359.3192484046766,367.2519490271255,367.2519490271255,1875241.0,synthetic_sample,2026-05-23T18:18:53.431037+00:00
2026-04-20,SPY,366.9205462130477,372.1070451271812,357.7519239048178,362.8813276165128,362.8813276165128,2486189.0,synthetic_sample,2026-05-23T18:18:53.431037+00:00
2026-04-21,SPY,364.99970419715834,367.14176289371323,359.46899140543644,361.5910458494582,361.5910458494582,2639197.0,synthetic_sample,2026-05-23T18:18:53.431037+00:00
2026-04-22,SPY,359.9565900564152,364.98842998374886,356.96144708693294,361.9764798247171,361.9764798247171,2341434.0,synthetic_sample,2026-05-23T18:18:53.431037+00:00
2026-04-23,SPY,361.86227051095904,371.93728561800623,359.50606040124114,369.53114084726116,369.53114084726116,2092397.0,synthetic_sample,2026-05-23T18:18:53.431037+00:00
2026-04-24,SPY,370.13004642078755,370.4646788812261,362.38421880325876,362.712144781203,362.712144781203,2028400.0,synthetic_sample,2026-05-23T18:18:53.431037+00:00
2026-04-27,SPY,362.85737835687553,363.50097463534223,351.986091799218,352.61151509883445,352.61151509883445,2866118.0,synthetic_sample,2026-05-23T18:18:53.431037+00:00
2026-04-28,SPY,352.36958178364563,374.1801206330815,350.99431978273265,372.7254119342966,372.7254119342966,2293793.0,synthetic_sample,2026-05-23T18:18:53.431037+00:00
2026-04-29,SPY,373.2600022320085,376.9832256915139,366.0253507427553,369.713195230619,369.713195230619,1736807.0,synthetic_sample,2026-05-23T18:18:53.431037+00:00
2026-04-30,SPY,371.30902176298,371.48083218667375,365.1079931260418,365.27701244578765,365.27701244578765,1711949.0,synthetic_sample,2026-05-23T18:18:53.431037+00:00
2026-05-01,SPY,367.5209025162091,369.85840634172706,366.573782667124,368.9077126132766,368.9077126132766,3153376.0,synthetic_sample,2026-05-23T18:18:53.431037+00:00
2026-05-04,SPY,368.956123940716,381.38488190563766,366.49909628884194,378.8618877767794,378.8618877767794,1804742.0,synthetic_sample,2026-05-23T18:18:53.431037+00:00
2026-05-05,SPY,377.6255163274134,386.5163305234023,374.6455125884778,383.49004727370425,383.49004727370425,2312412.0,synthetic_sample,2026-05-23T18:18:53.431037+00:00
2026-05-06,SPY,385.8439614828522,388.8423099595406,378.0901823133437,381.05128747865695,381.05128747865695,3027796.0,synthetic_sample,2026-05-23T18:18:53.431037+00:00
2026-05-07,SPY,379.4087530294224,385.3191031325213,378.62566112393586,384.5254504681826,384.5254504681826,2473502.0,synthetic_sample,2026-05-23T18:18:53.431037+00:00
2026-05-08,SPY,387.27954301317317,387.4313432099497,370.81861833241237,370.9640234093561,370.9640234093561,1787285.0,synthetic_sample,2026-05-23T18:18:53.431037+00:00
2026-05-11,SPY,372.9585268612643,377.04815362510067,369.9165881384044,373.9977388414029,373.9977388414029,1675622.0,synthetic_sample,2026-05-23T18:18:53.431037+00:00
2026-05-12,SPY,376.22586596231304,391.97303316440883,371.81179758279075,387.4275411778464,387.4275411778464,3447262.0,synthetic_sample,2026-05-23T18:18:53.431037+00:00
2026-05-13,SPY,388.4896983541481,390.28405206267905,384.3628853585985,386.1464159294071,386.1464159294071,1664987.0,synthetic_sample,2026-05-23T18:18:53.431037+00:00
2026-05-14,SPY,382.88349409866396,383.9710360244939,382.339319377379,383.4260901363863,383.4260901363863,1880976.0,synthetic_sample,2026-05-23T18:18:53.431037+00:00
2026-05-15,SPY,381.832385986632,383.46681138569,373.9590830179634,375.56668823117496,375.56668823117496,2370816.0,synthetic_sample,2026-05-23T18:18:53.431037+00:00
2026-05-18,SPY,376.0277162019864,389.8122317831638,373.1788361067323,386.8811235572485,386.8811235572485,2044981.0,synthetic_sample,2026-05-23T18:18:53.431037+00:00
2026-05-19,SPY,385.8355432775386,387.7907368709784,371.92618089938844,373.8204890782922,373.8204890782922,2493181.0,synthetic_sample,2026-05-23T18:18:53.431037+00:00
2026-05-20,SPY,373.34905676502495,379.1848969950772,369.0074647494536,374.82612844591097,374.82612844591097,1496554.0,synthetic_sample,2026-05-23T18:18:53.431037+00:00
2026-05-21,SPY,375.7449145175068,392.05033286245015,372.10023285482674,388.28402331306347,388.28402331306347,2049321.0,synthetic_sample,2026-05-23T18:18:53.431037+00:00
2026-05-22,SPY,388.02003011606075,401.78283779538964,385.405802487364,399.0940009243868,399.0940009243868,2558780.0,synthetic_sample,2026-05-23T18:18:53.431037+00:00
2026-03-02,ENEL.MI,196.15519627553113,203.3572893181996,195.5987658256236,202.78206054361758,202.78206054361758,2463176.0,synthetic_sample,2026-05-23T18:18:53.432690+00:00
2026-03-03,ENEL.MI,203.82745709748554,205.79354677399104,202.30652409952688,204.2693166794184,204.2693166794184,1833672.0,synthetic_sample,2026-05-23T18:18:53.432690+00:00
2026-03-04,ENEL.MI,204.62748343792543,204.94321828971763,195.69379855956328,195.99621559095004,195.99621559095004,3098611.0,synthetic_sample,2026-05-23T18:18:53.432690+00:00
2026-03-05,ENEL.MI,197.02712322215694,198.85144273448918,193.79050406420973,195.60162455607815,195.60162455607815,2848874.0,synthetic_sample,2026-05-23T18:18:53.432690+00:00
2026-03-06,ENEL.MI,194.77111871851892,195.61169106529758,192.10962166815065,192.94230140089792,192.94230140089792,3168168.0,synthetic_sample,2026-05-23T18:18:53.432690+00:00
2026-03-09,ENEL.MI,193.2500657838789,194.1977579088808,189.53444349463064,190.46849488515122,190.46849488515122,2303544.0,synthetic_sample,2026-05-23T18:18:53.432690+00:00
2026-03-10,ENEL.MI,189.7865454845784,191.8341987207834,186.13629493371488,188.16646876787166,188.16646876787166,2364168.0,synthetic_sample,2026-05-23T18:18:53.432690+00:00
2026-03-11,ENEL.MI,188.35287925096236,189.9484010542742,184.15513465587574,185.72842492165623,185.72842492165623,1704799.0,synthetic_sample,2026-05-23T18:18:53.432690+00:00
2026-03-12,ENEL.MI,186.82587594617635,191.39440508236112,186.63634262725495,191.20043381036382,191.20043381036382,1916762.0,synthetic_sample,2026-05-23T18:18:53.432690+00:00
2026-03-13,ENEL.MI,190.10950705403457,196.15164071975627,189.80476804521558,195.8377195830393,195.8377195830393,3143673.0,synthetic_sample,2026-05-23T18:18:53.432690+00:00
2026-03-16,ENEL.MI,194.76531132057406,194.98619850891222,192.6668626809648,192.88561807204508,192.88561807204508,2718485.0,synthetic_sample,2026-05-23T18:18:53.432690+00:00
2026-03-17,ENEL.MI,193.62280736618962,196.8007160142184,185.61715779514964,188.71450708069116,188.71450708069116,2545539.0,synthetic_sample,2026-05-23T18:18:53.432690+00:00
2026-03-18,ENEL.MI,188.70384639065347,189.18488473696377,186.02940670621308,186.50483940800316,186.50483940800316,3400039.0,synthetic_sample,2026-05-23T18:18:53.432690+00:00
2026-03-19,ENEL.MI,187.3786244475955,189.37968798603762,179.23452770157778,181.16928008722,181.16928008722,1791804.0,synthetic_sample,2026-05-23T18:18:53.432690+00:00
2026-03-20,ENEL.MI,180.58425928119843,182.42517613018396,179.88523535818805,181.7217490958736,181.7217490958736,2969209.0,synthetic_sample,2026-05-23T18:18:53.432690+00:00
2026-03-23,ENEL.MI,181.7589588721045,185.73594362715883,181.45349879886763,185.4243236232518,185.4243236232518,1846828.0,synthetic_sample,2026-05-23T18:18:53.432690+00:00
2026-03-24,ENEL.MI,185.9347069072456,187.06635073501113,184.38272853702279,185.51179844105215,185.51179844105215,3588474.0,synthetic_sample,2026-05-23T18:18:53.432690+00:00
2026-03-25,ENEL.MI,185.66777690220022,186.53917950881748,181.46384168006182,182.3195298138228,182.3195298138228,2841628.0,synthetic_sample,2026-05-23T18:18:53.432690+00:00
2026-03-26,ENEL.MI,181.0150355261531,184.45184575525258,179.34833981624422,182.76900041584753,182.76900041584753,3156248.0,synthetic_sample,2026-05-23T18:18:53.432690+00:00
2026-03-27,ENEL.MI,184.83253426330614,186.5436280400673,178.41276314687352,180.0798588616312,180.0798588616312,2080997.0,synthetic_sample,2026-05-23T18:18:53.432690+00:00
2026-03-30,ENEL.MI,180.2328003125667,182.1874191913342,179.57685458437865,181.52676416461827,181.52676416461827,4279273.0,synthetic_sample,2026-05-23T18:18:53.432690+00:00
2026-03-31,ENEL.MI,180.55347785994462,180.59684361482243,177.23447946618947,177.27705828298147,177.27705828298147,4087355.0,synthetic_sample,2026-05-23T18:18:53.432690+00:00
2026-04-01,ENEL.MI,177.49986001363092,177.71487336845175,177.22797627349166,177.4429206551737,177.4429206551737,2761719.0,synthetic_sample,2026-05-23T18:18:53.432690+00:00
2026-04-02,ENEL.MI,177.7475156547441,178.30383549106583,174.37843974743424,174.92592849037234,174.92592849037234,3327010.0,synthetic_sample,2026-05-23T18:18:53.432690+00:00
2026-04-03,ENEL.MI,175.6213805069012,177.9496724591112,174.76045614845555,177.08158991840344,177.08158991840344,2299719.0,synthetic_sample,2026-05-23T18:18:53.432690+00:00
2026-04-06,ENEL.MI,177.73831109106044,178.79635146156272,176.47478623548872,177.53159607312034,177.53159607312034,1806043.0,synthetic_sample,2026-05-23T18:18:53.432690+00:00
2026-04-07,ENEL.MI,177.37973941929724,181.76533080071593,177.12631905620935,181.5060152754799,181.5060152754799,3025893.0,synthetic_sample,2026-05-23T18:18:53.432690+00:00
2026-04-08,ENEL.MI,180.2557439863953,187.45106976898407,180.08533100467056,187.27402173856757,187.27402173856757,1970783.0,synthetic_sample,2026-05-23T18:18:53.432690+00:00
2026-04-09,ENEL.MI,187.61962698035725,188.7332741371795,180.8084050511882,181.88803137955225,181.88803137955225,3441177.0,synthetic_sample,2026-05-23T18:18:53.432690+00:00
2026-04-10,ENEL.MI,180.69308808823942,185.31951051735575,180.0656889076058,184.67827404813315,184.67827404813315,3222712.0,synthetic_sample,2026-05-23T18:18:53.432690+00:00
2026-04-13,ENEL.MI,185.57599115158362,186.53138909078353,181.00533873791537,181.9420280021268,181.9420280021268,2630211.0,synthetic_sample,2026-05-23T18:18:53.432690+00:00
2026-04-14,ENEL.MI,181.40875012100472,186.3004971723145,180.58676882374542,185.46015853593892,185.46015853593892,2593692.0,synthetic_sample,2026-05-23T18:18:53.432690+00:00
2026-04-15,ENEL.MI,185.9311979132559,192.7241212271615,184.63062387932177,191.38539551210755,191.38539551210755,3175867.0,synthetic_sample,2026-05-23T18:18:53.432690+00:00
2026-04-16,ENEL.MI,190.88307100179776,194.5174178436602,190.16938135491446,193.79284887504363,193.79284887504363,2656208.0,synthetic_sample,2026-05-23T18:18:53.432690+00:00
2026-04-17,ENEL.MI,193.41143690419972,203.75885568189244,192.62908315707145,202.93796690002858,202.93796690002858,2241495.0,synthetic_sample,2026-05-23T18:18:53.432690+00:00
2026-04-20,ENEL.MI,202.28777815551692,203.960022753662,201.97884524478505,203.6490109747905,203.6490109747905,1698307.0,synthetic_sample,2026-05-23T18:18:53.432690+00:00
2026-04-21,ENEL.MI,204.23232815376196,205.41660397572534,195.7743244373649,196.91617631099683,196.91617631099683,3151831.0,synthetic_sample,2026-05-23T18:18:53.432690+00:00
2026-04-22,ENEL.MI,196.42676322457413,197.6750095943138,191.94789919275064,193.17548444243624,193.17548444243624,2717924.0,synthetic_sample,2026-05-23T18:18:53.432690+00:00
2026-04-23,ENEL.MI,193.7693306762198,194.79421584665243,192.014867102844,193.03587286661522,193.03587286661522,4939053.0,synthetic_sample,2026-05-23T18:18:53.432690+00:00
2026-04-24,ENEL.MI,192.57630050493972,195.2044540147715,187.72566410668222,190.3230669811635,190.3230669811635,2421242.0,synthetic_sample,2026-05-23T18:18:53.432690+00:00
2026-04-27,ENEL.MI,190.14689005487452,191.97016468518956,188.8822012584628,190.70178521734502,190.70178521734502,2674514.0,synthetic_sample,2026-05-23T18:18:53.432690+00:00
2026-04-28,ENEL.MI,190.72891440751053,192.87018994841964,189.703919751675,191.83922836368444,191.83922836368444,2690251.0,synthetic_sample,2026-05-23T18:18:53.432690+00:00
2026-04-29,ENEL.MI,191.957264436422,193.49226603415872,186.50001094265872,188.00339510849767,188.00339510849767,2918144.0,synthetic_sample,2026-05-23T18:18:53.432690+00:00
2026-04-30,ENEL.MI,187.30838089781776,192.69455442751152,184.60150241923654,189.94950782424692,189.94950782424692,1947485.0,synthetic_sample,2026-05-23T18:18:53.432690+00:00
2026-05-01,ENEL.MI,190.48425949059785,191.8197240950679,186.28188789206382,187.59711100983984,187.59711100983984,2432586.0,synthetic_sample,2026-05-23T18:18:53.432690+00:00
2026-05-04,ENEL.MI,187.3935012052856,187.93580551793318,182.02255677373003,182.55084676693917,182.55084676693917,3050097.0,synthetic_sample,2026-05-23T18:18:53.432690+00:00
2026-05-05,ENEL.MI,182.94800492754834,184.36186995749614,178.1536416886988,179.54117796195067,179.54117796195067,2282035.0,synthetic_sample,2026-05-23T18:18:53.432690+00:00
2026-05-06,ENEL.MI,179.5295233913086,179.9753056634695,176.24850613684234,176.6872308308857,176.6872308308857,3021658.0,synthetic_sample,2026-05-23T18:18:53.432690+00:00
2026-05-07,ENEL.MI,177.1017064935899,177.40099079902043,173.10729709446855,173.4003264349871,173.4003264349871,2540695.0,synthetic_sample,2026-05-23T18:18:53.432690+00:00
2026-05-08,ENEL.MI,173.11501926148273,175.32920276899517,165.30030006719744,167.44192328735858,167.44192328735858,2742106.0,synthetic_sample,2026-05-23T18:18:53.432690+00:00
2026-05-11,ENEL.MI,166.91307599618824,171.76501016255597,164.92250637103672,169.7407186759178,169.7407186759178,3307004.0,synthetic_sample,2026-05-23T18:18:53.432690+00:00
2026-05-12,ENEL.MI,170.0305395698634,170.92571368558117,169.62598762159166,170.51999717576322,170.51999717576322,2342971.0,synthetic_sample,2026-05-23T18:18:53.432690+00:00
2026-05-13,ENEL.MI,170.18323120661896,170.5926028039504,167.8654492999643,168.27021919372083,168.27021919372083,1725119.0,synthetic_sample,2026-05-23T18:18:53.432690+00:00
2026-05-14,ENEL.MI,169.25210045634327,177.27396797142694,168.1281533054431,176.10451619678804,176.10451619678804,2320247.0,synthetic_sample,2026-05-23T18:18:53.432690+00:00
2026-05-15,ENEL.MI,176.15217480002988,176.5853831365547,169.22868244868238,169.6458899789299,169.6458899789299,2017521.0,synthetic_sample,2026-05-23T18:18:53.432690+00:00
2026-05-18,ENEL.MI,168.7137663764323,176.63108809193264,167.79263891081106,175.67197087943546,175.67197087943546,1457649.0,synthetic_sample,2026-05-23T18:18:53.432690+00:00
2026-05-19,ENEL.MI,175.26057104775694,175.81216371985215,174.07710774090873,174.62670546566304,174.62670546566304,2414732.0,synthetic_sample,2026-05-23T18:18:53.432690+00:00
2026-05-20,ENEL.MI,173.92868442736616,174.69369074298925,171.54949719345208,172.30737234501976,172.30737234501976,2606521.0,synthetic_sample,2026-05-23T18:18:53.432690+00:00
2026-05-21,ENEL.MI,173.0468596081685,173.30789403436927,172.98065547583582,173.2416153925208,173.2416153925208,3200954.0,synthetic_sample,2026-05-23T18:18:53.432690+00:00
2026-05-22,ENEL.MI,173.77765308003487,175.39510480123838,169.25497614400905,170.8451331624467,170.8451331624467,1865317.0,synthetic_sample,2026-05-23T18:18:53.432690+00:00
2026-03-02,ISP.MI,431.9306124396119,445.31318036081854,428.9376634532817,442.2487346743382,442.2487346743382,1782149.0,synthetic_sample,2026-05-23T18:18:53.434289+00:00
2026-03-03,ISP.MI,444.5816521637951,452.2930893977848,442.09809950848813,449.7804946106208,449.7804946106208,3255909.0,synthetic_sample,2026-05-23T18:18:53.434289+00:00
2026-03-04,ISP.MI,450.80994687359043,452.2755396761779,444.2854899648094,445.7345826494893,445.7345826494893,2896273.0,synthetic_sample,2026-05-23T18:18:53.434289+00:00
2026-03-05,ISP.MI,446.5914801804524,457.9180703046747,439.28626785512216,450.5481361623621,450.5481361623621,2302904.0,synthetic_sample,2026-05-23T18:18:53.434289+00:00
2026-03-06,ISP.MI,447.40779510851445,448.4978032976414,445.15670958133404,446.24388215905634,446.24388215905634,2996904.0,synthetic_sample,2026-05-23T18:18:53.434289+00:00
2026-03-09,ISP.MI,448.12434830321325,449.0504288666584,443.6104624648814,444.52911322152676,444.52911322152676,2058625.0,synthetic_sample,2026-05-23T18:18:53.434289+00:00
2026-03-10,ISP.MI,443.9994921757798,458.2523409519321,441.04405851716393,455.2222045459835,455.2222045459835,3415590.0,synthetic_sample,2026-05-23T18:18:53.434289+00:00
2026-03-11,ISP.MI,455.3664390803502,466.0800916877326,453.00204473407643,463.6725695082728,463.6725695082728,2544774.0,synthetic_sample,2026-05-23T18:18:53.434289+00:00
2026-03-12,ISP.MI,461.3117314141324,465.96783552767346,449.1808633619306,453.76075407298214,453.76075407298214,2136683.0,synthetic_sample,2026-05-23T18:18:53.434289+00:00
2026-03-13,ISP.MI,457.5539644199184,462.2340315575525,450.70042435501364,455.3580304957069,455.3580304957069,2554524.0,synthetic_sample,2026-05-23T18:18:53.434289+00:00
2026-03-16,ISP.MI,450.8514145217102,451.3666542454516,442.7447998049058,443.25135406615686,443.25135406615686,2532610.0,synthetic_sample,2026-05-23T18:18:53.434289+00:00
2026-03-17,ISP.MI,445.8897855009552,459.5816242428841,444.56203997455026,458.2171709214667,458.2171709214667,3067565.0,synthetic_sample,2026-05-23T18:18:53.434289+00:00
2026-03-18,ISP.MI,458.9964344094862,465.71393475343586,457.8496993444743,464.55331663569586,464.55331663569586,3747612.0,synthetic_sample,2026-05-23T18:18:53.434289+00:00
2026-03-19,ISP.MI,461.0128744352413,465.22566050812594,441.9100481146459,445.9855125105468,445.9855125105468,3699334.0,synthetic_sample,2026-05-23T18:18:53.434289+00:00
2026-03-20,ISP.MI,449.6183274233061,453.0863948694938,441.4278718580342,444.859230683891,444.859230683891,2914002.0,synthetic_sample,2026-05-23T18:18:53.434289+00:00
2026-03-23,ISP.MI,445.7734439602516,447.7856792024349,439.51106508731766,441.5040280528122,441.5040280528122,2671985.0,synthetic_sample,2026-05-23T18:18:53.434289+00:00
2026-03-24,ISP.MI,437.3392031702598,441.0313565663217,434.3366081297472,438.0240595772162,438.0240595772162,2428949.0,synthetic_sample,2026-05-23T18:18:53.434289+00:00
2026-03-25,ISP.MI,437.28387487968837,442.48400145286007,436.63015523403703,441.8234952797153,441.8234952797153,1799690.0,synthetic_sample,2026-05-23T18:18:53.434289+00:00
2026-03-26,ISP.MI,442.76813999293705,454.70559806914093,441.4266460060991,453.33209752125794,453.33209752125794,2786583.0,synthetic_sample,2026-05-23T18:18:53.434289+00:00
2026-03-27,ISP.MI,456.4387603497271,456.8038739934384,454.3484719656126,454.7122045059867,454.7122045059867,2263396.0,synthetic_sample,2026-05-23T18:18:53.434289+00:00
2026-03-30,ISP.MI,453.96784399590166,456.95584154506406,447.5117462549162,450.4767656711198,450.4767656711198,3796973.0,synthetic_sample,2026-05-23T18:18:53.434289+00:00
2026-03-31,ISP.MI,445.70727837735876,448.6341388468225,438.9430935608079,441.8445886064955,441.8445886064955,2662962.0,synthetic_sample,2026-05-23T18:18:53.434289+00:00
2026-04-01,ISP.MI,444.4232300657255,447.31204789824346,443.506593820545,446.39135234182277,446.39135234182277,3374985.0,synthetic_sample,2026-05-23T18:18:53.434289+00:00
2026-04-02,ISP.MI,447.2809248832688,450.71820564408785,442.983314073924,446.4139321372753,446.4139321372753,2481818.0,synthetic_sample,2026-05-23T18:18:53.434289+00:00
2026-04-03,ISP.MI,442.4273594288226,454.053080043305,437.9020083509422,449.4558384405871,449.4558384405871,2364931.0,synthetic_sample,2026-05-23T18:18:53.434289+00:00
2026-04-06,ISP.MI,450.07194557271464,450.91721050384325,449.0262242737938,449.87111202621674,449.87111202621674,3257034.0,synthetic_sample,2026-05-23T18:18:53.434289+00:00
2026-04-07,ISP.MI,450.6783004222836,452.79410753145805,437.38487778728563,439.44796163326777,439.44796163326777,3001247.0,synthetic_sample,2026-05-23T18:18:53.434289+00:00
2026-04-08,ISP.MI,438.8771779451321,442.41210746160544,430.9635150025142,434.4628897018553,434.4628897018553,3034878.0,synthetic_sample,2026-05-23T18:18:53.434289+00:00
2026-04-09,ISP.MI,433.0251950674655,435.6123153828265,427.1181837340774,429.6853500583736,429.6853500583736,2735118.0,synthetic_sample,2026-05-23T18:18:53.434289+00:00
2026-04-10,ISP.MI,428.63737958479066,443.14710423825153,428.4179816787736,442.9203955750558,442.9203955750558,3410868.0,synthetic_sample,2026-05-23T18:18:53.434289+00:00
2026-04-13,ISP.MI,442.3439722451967,453.38684139326006,440.4698292942994,451.47401586057845,451.47401586057845,3289753.0,synthetic_sample,2026-05-23T18:18:53.434289+00:00
2026-04-14,ISP.MI,452.11460406352063,455.1940205652363,450.259088475316,453.33350251734294,453.33350251734294,1624848.0,synthetic_sample,2026-05-23T18:18:53.434289+00:00
2026-04-15,ISP.MI,454.76306238737925,460.026476340524,452.3444825875172,457.59284681472764,457.59284681472764,2625460.0,synthetic_sample,2026-05-23T18:18:53.434289+00:00
2026-04-16,ISP.MI,453.6615175252617,460.3074592020471,451.17152287646104,457.79477848165794,457.79477848165794,3608545.0,synthetic_sample,2026-05-23T18:18:53.434289+00:00
2026-04-17,ISP.MI,458.26350873003884,478.0330231394307,452.64335278880407,472.2414414569687,472.2414414569687,2170018.0,synthetic_sample,2026-05-23T18:18:53.434289+00:00
2026-04-20,ISP.MI,473.16315565398224,482.83654263509817,470.7188031511165,480.3550370002545,480.3550370002545,1834039.0,synthetic_sample,2026-05-23T18:18:53.434289+00:00
2026-04-21,ISP.MI,480.68002865705046,483.4946509020376,480.26071735477285,483.0732519208394,483.0732519208394,2704519.0,synthetic_sample,2026-05-23T18:18:53.434289+00:00
2026-04-22,ISP.MI,482.29095204464375,485.36050472484857,466.85837105211954,469.8487349341157,469.8487349341157,3189306.0,synthetic_sample,2026-05-23T18:18:53.434289+00:00
2026-04-23,ISP.MI,472.5171193968626,478.65559134488774,456.3040585679325,462.3099288594032,462.3099288594032,2495525.0,synthetic_sample,2026-05-23T18:18:53.434289+00:00
2026-04-24,ISP.MI,464.7960515330787,467.2741287800931,457.03685353374794,459.4866233691908,459.4866233691908,3868458.0,synthetic_sample,2026-05-23T18:18:53.434289+00:00
2026-04-27,ISP.MI,458.8135442046551,466.3291631692397,456.8646638883707,464.35673729715427,464.35673729715427,4439425.0,synthetic_sample,2026-05-23T18:18:53.434289+00:00
2026-04-28,ISP.MI,464.2024260019375,492.94326419194226,461.98376846972053,490.5984467626612,490.5984467626612,1730396.0,synthetic_sample,2026-05-23T18:18:53.434289+00:00
2026-04-29,ISP.MI,492.113101262656,496.21564131071636,466.6656824410348,470.5887832987392,470.5887832987392,2543703.0,synthetic_sample,2026-05-23T18:18:53.434289+00:00
2026-04-30,ISP.MI,473.00314468863513,475.2558216335464,469.31378022887384,471.55958220909895,471.55958220909895,1582742.0,synthetic_sample,2026-05-23T18:18:53.434289+00:00
2026-05-01,ISP.MI,470.02131050666776,470.05065812063447,468.1223423654594,468.1515732350861,468.1515732350861,3303134.0,synthetic_sample,2026-05-23T18:18:53.434289+00:00
2026-05-04,ISP.MI,466.1924542180149,469.9185412126596,464.6480088511696,468.3668921671925,468.3668921671925,2362347.0,synthetic_sample,2026-05-23T18:18:53.434289+00:00
2026-05-05,ISP.MI,468.8805255349994,492.0971906416376,466.188571922509,489.2880724919972,489.2880724919972,2485983.0,synthetic_sample,2026-05-23T18:18:53.434289+00:00
2026-05-06,ISP.MI,487.0890566656322,500.0261173313291,483.12293484314233,495.9875396263377,495.9875396263377,3730874.0,synthetic_sample,2026-05-23T18:18:53.434289+00:00
2026-05-07,ISP.MI,492.1287615410486,493.93449100334743,480.87248266399814,482.6434082635439,482.6434082635439,2008765.0,synthetic_sample,2026-05-23T18:18:53.434289+00:00
2026-05-08,ISP.MI,481.0596121042567,493.4122222281039,478.74324065285225,491.0477564204815,491.0477564204815,1886511.0,synthetic_sample,2026-05-23T18:18:53.434289+00:00
2026-05-11,ISP.MI,491.867145453478,515.2389380522858,488.82755278011587,512.0744701223033,512.0744701223033,1584471.0,synthetic_sample,2026-05-23T18:18:53.434289+00:00
2026-05-12,ISP.MI,515.2567268136476,518.4814256583353,513.7674767765218,516.9871740976045,516.9871740976045,3846837.0,synthetic_sample,2026-05-23T18:18:53.434289+00:00
2026-05-13,ISP.MI,515.5214851364029,518.4254243755529,497.9404100244893,500.7612044100923,500.7612044100923,3629788.0,synthetic_sample,2026-05-23T18:18:53.434289+00:00
2026-05-14,ISP.MI,500.51229315219325,505.4074057776001,496.5738384290733,501.4614820322821,501.4614820322821,2601654.0,synthetic_sample,2026-05-23T18:18:53.434289+00:00
2026-05-15,ISP.MI,501.77348144602564,502.40271233643557,500.79011142729206,501.4188976647327,501.4188976647327,2035635.0,synthetic_sample,2026-05-23T18:18:53.434289+00:00
2026-05-18,ISP.MI,500.1180177367267,519.1517977755686,496.5042538195711,515.4274109041108,515.4274109041108,3449205.0,synthetic_sample,2026-05-23T18:18:53.434289+00:00
2026-05-19,ISP.MI,513.9282101600754,514.7704210336949,496.49782653431254,497.3128085623102,497.3128085623102,5574978.0,synthetic_sample,2026-05-23T18:18:53.434289+00:00
2026-05-20,ISP.MI,497.97917778885784,498.83512257554344,488.710396237378,489.55185583549866,489.55185583549866,2639785.0,synthetic_sample,2026-05-23T18:18:53.434289+00:00
2026-05-21,ISP.MI,487.2070363670037,500.21446486129025,485.57546961416017,498.54492958942257,498.54492958942257,2072786.0,synthetic_sample,2026-05-23T18:18:53.434289+00:00
2026-05-22,ISP.MI,497.01456866974917,517.2105799556788,491.3179500270287,511.34965721047547,511.34965721047547,3819206.0,synthetic_sample,2026-05-23T18:18:53.434289+00:00
2026-03-02,ASML.AS,393.54155879617275,408.457823738537,390.27840510447527,405.09883980137954,405.09883980137954,2830515.0,synthetic_sample,2026-05-23T18:18:53.436045+00:00
2026-03-03,ASML.AS,406.42717705915953,411.1150986891028,403.9423916657211,408.6169257667025,408.6169257667025,4204994.0,synthetic_sample,2026-05-23T18:18:53.436045+00:00
2026-03-04,ASML.AS,408.46253056556515,410.9177895272205,407.02451609277733,409.47620635389046,409.47620635389046,4998794.0,synthetic_sample,2026-05-23T18:18:53.436045+00:00
2026-03-05,ASML.AS,406.3210645999274,418.05967552846613,405.14495260695486,416.8530782158707,416.8530782158707,3124633.0,synthetic_sample,2026-05-23T18:18:53.436045+00:00
2026-03-06,ASML.AS,414.8624265928603,429.5319374450712,411.65582580734144,426.2374158282612,426.2374158282612,3571362.0,synthetic_sample,2026-05-23T18:18:53.436045+00:00
2026-03-09,ASML.AS,427.8261117469081,433.1123360859253,416.32735228654104,421.535854130371,421.535854130371,3978090.0,synthetic_sample,2026-05-23T18:18:53.436045+00:00
2026-03-10,ASML.AS,420.37982573790345,428.6539045185404,419.4394109768421,427.6971205322823,427.6971205322823,3205827.0,synthetic_sample,2026-05-23T18:18:53.436045+00:00
2026-03-11,ASML.AS,427.54573849698255,428.37007525771776,424.70689864526764,425.5273438061306,425.5273438061306,2505166.0,synthetic_sample,2026-05-23T18:18:53.436045+00:00
2026-03-12,ASML.AS,428.80371889492704,432.7315225052775,428.1790851372335,432.1020840545901,432.1020840545901,2816436.0,synthetic_sample,2026-05-23T18:18:53.436045+00:00
2026-03-13,ASML.AS,433.1941197829629,443.49859747471066,429.1541029216634,439.40069737589414,439.40069737589414,3458513.0,synthetic_sample,2026-05-23T18:18:53.436045+00:00
2026-03-16,ASML.AS,435.6247948841897,449.7654582401809,433.0844802734757,447.1578892206415,447.1578892206415,3442803.0,synthetic_sample,2026-05-23T18:18:53.436045+00:00
2026-03-17,ASML.AS,449.74229700264766,453.4398925809021,435.97293089949727,439.5870340967435,439.5870340967435,1993289.0,synthetic_sample,2026-05-23T18:18:53.436045+00:00
2026-03-18,ASML.AS,439.8501651276407,441.59554678145116,431.39166008292233,433.11029707917993,433.11029707917993,2797365.0,synthetic_sample,2026-05-23T18:18:53.436045+00:00
2026-03-19,ASML.AS,433.7500881588714,437.4252281070586,425.5282336966627,429.1645203886605,429.1645203886605,2594986.0,synthetic_sample,2026-05-23T18:18:53.436045+00:00
2026-03-20,ASML.AS,429.6866765049939,431.7704242678001,426.0931978454609,428.16958855300146,428.16958855300146,3889988.0,synthetic_sample,2026-05-23T18:18:53.436045+00:00
2026-03-23,ASML.AS,429.73387413799816,429.81109826767397,427.27257342401737,427.34936905284417,427.34936905284417,2620258.0,synthetic_sample,2026-05-23T18:18:53.436045+00:00
2026-03-24,ASML.AS,427.21305924225,431.35343431520664,422.9109886859034,427.0497813358536,427.0497813358536,2780265.0,synthetic_sample,2026-05-23T18:18:53.436045+00:00
2026-03-25,ASML.AS,424.51896743327654,427.0045679874492,414.3607358139498,416.8011477704328,416.8011477704328,2756082.0,synthetic_sample,2026-05-23T18:18:53.436045+00:00
2026-03-26,ASML.AS,417.3405316378266,419.3265735052009,414.74893802581715,416.73208441198847,416.73208441198847,3802527.0,synthetic_sample,2026-05-23T18:18:53.436045+00:00
2026-03-27,ASML.AS,414.4286939283523,417.38156597636424,404.82437078004153,407.7295100501152,407.7295100501152,3975077.0,synthetic_sample,2026-05-23T18:18:53.436045+00:00
2026-03-30,ASML.AS,410.6922163830712,410.78393803308455,407.7197727525339,407.8108508948636,407.8108508948636,3529748.0,synthetic_sample,2026-05-23T18:18:53.436045+00:00
2026-03-31,ASML.AS,407.2201108520115,410.3650279545559,401.0472036640201,404.1685539207067,404.1685539207067,4114163.0,synthetic_sample,2026-05-23T18:18:53.436045+00:00
2026-04-01,ASML.AS,404.08490635857265,412.1393086476682,402.62342923644655,410.654072444727,410.654072444727,4249013.0,synthetic_sample,2026-05-23T18:18:53.436045+00:00
2026-04-02,ASML.AS,409.54362153995976,417.91286670946823,407.342087294067,415.6783547184186,415.6783547184186,1984279.0,synthetic_sample,2026-05-23T18:18:53.436045+00:00
2026-04-03,ASML.AS,416.2422928438067,432.1520738069019,411.847950142713,427.637430642652,427.637430642652,3617600.0,synthetic_sample,2026-05-23T18:18:53.436045+00:00
2026-04-06,ASML.AS,428.4146453946797,432.08563563375014,423.0693219480209,426.7258411978549,426.7258411978549,2844489.0,synthetic_sample,2026-05-23T18:18:53.436045+00:00
2026-04-07,ASML.AS,425.5673611821368,435.6284672190951,423.31420604071747,433.3341908036065,433.3341908036065,2278793.0,synthetic_sample,2026-05-23T18:18:53.436045+00:00
2026-04-08,ASML.AS,434.1195029982945,439.1801816553265,431.6903155321993,436.73635118248825,436.73635118248825,2880314.0,synthetic_sample,2026-05-23T18:18:53.436045+00:00
2026-04-09,ASML.AS,436.85466519444606,438.70792411867626,432.2909225286563,434.13263383922225,434.13263383922225,3745474.0,synthetic_sample,2026-05-23T18:18:53.436045+00:00
2026-04-10,ASML.AS,433.9661544723683,435.1432583826923,432.0130927641343,433.18808621681853,433.18808621681853,4489067.0,synthetic_sample,2026-05-23T18:18:53.436045+00:00
2026-04-13,ASML.AS,431.8858577871925,438.04314588012284,429.0058231927707,435.14140166308397,435.14140166308397,2229011.0,synthetic_sample,2026-05-23T18:18:53.436045+00:00
2026-04-14,ASML.AS,439.1697463291606,448.21259129881327,437.87712047578754,446.8972208610405,446.8972208610405,3641650.0,synthetic_sample,2026-05-23T18:18:53.436045+00:00
2026-04-15,ASML.AS,449.01156645131516,449.3233015395704,447.0823732690115,447.39298462508225,447.39298462508225,5099998.0,synthetic_sample,2026-05-23T18:18:53.436045+00:00
2026-04-16,ASML.AS,448.69644258250355,452.25038712257657,438.42061858379765,441.92089674309125,441.92089674309125,4930899.0,synthetic_sample,2026-05-23T18:18:53.436045+00:00
2026-04-17,ASML.AS,443.9121638974682,455.88869581611505,438.92890459170644,450.8278030816647,450.8278030816647,1315881.0,synthetic_sample,2026-05-23T18:18:53.436045+00:00
2026-04-20,ASML.AS,451.36863132311777,461.38550223548214,449.96288409774263,459.95301970041663,459.95301970041663,5379272.0,synthetic_sample,2026-05-23T18:18:53.436045+00:00
2026-04-21,ASML.AS,459.31031410122347,463.67378097182336,446.48111714644523,450.76338786636813,450.76338786636813,3967330.0,synthetic_sample,2026-05-23T18:18:53.436045+00:00
2026-04-22,ASML.AS,445.99779976092924,449.9668336100694,436.4765474204766,440.39572717678556,440.39572717678556,1752402.0,synthetic_sample,2026-05-23T18:18:53.436045+00:00
2026-04-23,ASML.AS,438.2483810042726,447.4563049653059,437.33124646177316,446.5218562915937,446.5218562915937,2576464.0,synthetic_sample,2026-05-23T18:18:53.436045+00:00
2026-04-24,ASML.AS,450.3887811014284,451.7801450900568,440.45020688360216,441.81508457172447,441.81508457172447,4272820.0,synthetic_sample,2026-05-23T18:18:53.436045+00:00
2026-04-27,ASML.AS,443.8654619336637,449.72999470644817,434.99108423367846,440.8153172421442,440.8153172421442,3414067.0,synthetic_sample,2026-05-23T18:18:53.436045+00:00
2026-04-28,ASML.AS,441.1720579159153,452.10794139618156,440.4962223953828,451.4164124550024,451.4164124550024,2702951.0,synthetic_sample,2026-05-23T18:18:53.436045+00:00
2026-04-29,ASML.AS,448.5679089470912,450.16656870236045,436.09930804939285,437.6590896548162,437.6590896548162,3172274.0,synthetic_sample,2026-05-23T18:18:53.436045+00:00
2026-04-30,ASML.AS,438.7703510329279,445.690864155523,432.68767954985265,439.5967364943618,439.5967364943618,3576243.0,synthetic_sample,2026-05-23T18:18:53.436045+00:00
2026-05-01,ASML.AS,439.10782712054703,440.7432942420067,432.39456827717765,434.0110523446889,434.0110523446889,2699363.0,synthetic_sample,2026-05-23T18:18:53.436045+00:00
2026-05-04,ASML.AS,435.2227381401567,444.3403106284437,430.25599208252675,439.3267299653757,439.3267299653757,3022407.0,synthetic_sample,2026-05-23T18:18:53.436045+00:00
2026-05-05,ASML.AS,437.372749425504,446.74620020081227,436.53652171554705,445.89368103434526,445.89368103434526,3904237.0,synthetic_sample,2026-05-23T18:18:53.436045+00:00
2026-05-06,ASML.AS,445.01982008254515,447.93606614353575,437.01544294688017,439.89812618893825,439.89812618893825,2618570.0,synthetic_sample,2026-05-23T18:18:53.436045+00:00
2026-05-07,ASML.AS,441.4555641676429,452.08686110579276,436.88928834951025,447.4584929038484,447.4584929038484,2222396.0,synthetic_sample,2026-05-23T18:18:53.436045+00:00
2026-05-08,ASML.AS,450.90895729916673,452.77127289370554,427.2741175909329,429.04613674981533,429.04613674981533,2660476.0,synthetic_sample,2026-05-23T18:18:53.436045+00:00
2026-05-11,ASML.AS,427.9161320781877,440.8916468694048,425.1779201773099,438.08834354428126,438.08834354428126,2498286.0,synthetic_sample,2026-05-23T18:18:53.436045+00:00
2026-05-12,ASML.AS,436.33667003007156,440.25398944362195,430.2264970345419,434.12395122259875,434.12395122259875,2682143.0,synthetic_sample,2026-05-23T18:18:53.436045+00:00
2026-05-13,ASML.AS,435.9001885644807,436.942873764762,430.4270251365279,431.4590871003642,431.4590871003642,2025807.0,synthetic_sample,2026-05-23T18:18:53.436045+00:00
2026-05-14,ASML.AS,429.2846739170939,438.9194522851551,422.8619656140339,432.4493952569683,432.4493952569683,3309305.0,synthetic_sample,2026-05-23T18:18:53.436045+00:00
2026-05-15,ASML.AS,430.39435011159213,436.7500114335399,426.0254611002371,432.3611575610036,432.3611575610036,3875727.0,synthetic_sample,2026-05-23T18:18:53.436045+00:00
2026-05-18,ASML.AS,432.82107835705045,449.6998584853516,430.84270906407056,447.6536912330857,447.6536912330857,2546962.0,synthetic_sample,2026-05-23T18:18:53.436045+00:00
2026-05-19,ASML.AS,451.3883503870709,453.67269533617207,435.60960894083723,437.82531532046204,437.82531532046204,2650745.0,synthetic_sample,2026-05-23T18:18:53.436045+00:00
2026-05-20,ASML.AS,436.3388346548201,445.56916140226417,430.3841696411325,439.57039565379904,439.57039565379904,2977209.0,synthetic_sample,2026-05-23T18:18:53.436045+00:00
2026-05-21,ASML.AS,438.92026062353096,451.24350634170037,436.9096802677744,449.1859017352765,449.1859017352765,2484339.0,synthetic_sample,2026-05-23T18:18:53.436045+00:00
2026-05-22,ASML.AS,449.385885910594,451.2334757763411,442.6543435952625,444.4817708489373,444.4817708489373,3989950.0,synthetic_sample,2026-05-23T18:18:53.436045+00:00
2026-03-02,SAP.DE,152.1631516620132,154.57206709210928,150.4451387696839,152.84634058862645,152.84634058862645,3927327.0,synthetic_sample,2026-05-23T18:18:53.437771+00:00
2026-03-03,SAP.DE,152.36410949456473,153.55957064776027,151.3030673049934,152.4975988570778,152.4975988570778,3194115.0,synthetic_sample,2026-05-23T18:18:53.437771+00:00
2026-03-04,SAP.DE,153.04220757312143,154.07888741270096,150.3283008068688,151.3535419351909,151.3535419351909,3424172.0,synthetic_sample,2026-05-23T18:18:53.437771+00:00
2026-03-05,SAP.DE,152.2309369481293,153.82038474354266,151.12170810804176,152.7076821057579,152.7076821057579,3821055.0,synthetic_sample,2026-05-23T18:18:53.437771+00:00
2026-03-06,SAP.DE,152.819614380324,153.38027248741247,151.67177552567222,152.2302714765598,152.2302714765598,3195786.0,synthetic_sample,2026-05-23T18:18:53.437771+00:00
2026-03-09,SAP.DE,151.6187415893249,154.6695047290451,150.1077797590967,153.14334936710603,153.14334936710603,2933130.0,synthetic_sample,2026-05-23T18:18:53.437771+00:00
2026-03-10,SAP.DE,154.08351623721884,154.44323143387808,152.23997876638373,152.59622180442113,152.59622180442113,2878423.0,synthetic_sample,2026-05-23T18:18:53.437771+00:00
2026-03-11,SAP.DE,152.82616629045233,154.00155478764853,147.99751155956375,149.14458495563906,149.14458495563906,5479497.0,synthetic_sample,2026-05-23T18:18:53.437771+00:00
2026-03-12,SAP.DE,149.27567537862123,150.89900787148989,145.79073520810465,147.3936006486189,147.3936006486189,3081443.0,synthetic_sample,2026-05-23T18:18:53.437771+00:00
2026-03-13,SAP.DE,147.15542908308257,150.70067926525826,146.87670140395392,150.41577614988,150.41577614988,3617594.0,synthetic_sample,2026-05-23T18:18:53.437771+00:00
2026-03-16,SAP.DE,151.09555117597765,151.43515108213265,151.00029217395902,151.33973813113624,151.33973813113624,4186163.0,synthetic_sample,2026-05-23T18:18:53.437771+00:00
2026-03-17,SAP.DE,150.6687184907417,153.34588405191926,150.39397596442163,153.06676871097417,153.06676871097417,3262838.0,synthetic_sample,2026-05-23T18:18:53.437771+00:00
2026-03-18,SAP.DE,152.32976606135097,157.60927547269134,150.3086207217895,155.54546354115126,155.54546354115126,3470917.0,synthetic_sample,2026-05-23T18:18:53.437771+00:00
2026-03-19,SAP.DE,156.7241915693312,157.28256407668488,152.12851531587205,152.67245240176666,152.67245240176666,3900707.0,synthetic_sample,2026-05-23T18:18:53.437771+00:00
2026-03-20,SAP.DE,152.14577909514927,152.64849079764068,151.9634830165564,152.465811267004,152.465811267004,2782886.0,synthetic_sample,2026-05-23T18:18:53.437771+00:00
2026-03-23,SAP.DE,153.05108653580777,154.19367745683778,150.5105839526751,151.64266037833698,151.64266037833698,2342827.0,synthetic_sample,2026-05-23T18:18:53.437771+00:00
2026-03-24,SAP.DE,152.47877937118858,153.22520007662868,149.23818045652678,149.9723314900604,149.9723314900604,2865722.0,synthetic_sample,2026-05-23T18:18:53.437771+00:00
2026-03-25,SAP.DE,150.0984064483122,150.42586680642665,146.43884469821796,146.7590197240061,146.7590197240061,5299372.0,synthetic_sample,2026-05-23T18:18:53.437771+00:00
2026-03-26,SAP.DE,146.241830479033,152.76439527843274,144.53719186575012,151.0042445392898,151.0042445392898,2979280.0,synthetic_sample,2026-05-23T18:18:53.437771+00:00
2026-03-27,SAP.DE,151.38464103331054,151.71443685219452,149.03453985430616,149.3599247702516,149.3599247702516,3554213.0,synthetic_sample,2026-05-23T18:18:53.437771+00:00
2026-03-30,SAP.DE,150.1914263155318,150.9359006054607,147.6781361929929,148.4137990759767,148.4137990759767,2469507.0,synthetic_sample,2026-05-23T18:18:53.437771+00:00
2026-03-31,SAP.DE,148.6171165468717,149.6836633928875,145.8666643407058,146.92103933300052,146.92103933300052,4811493.0,synthetic_sample,2026-05-23T18:18:53.437771+00:00
2026-04-01,SAP.DE,146.48236033534084,151.60287982218946,145.43080876122778,150.52232657952257,150.52232657952257,3190572.0,synthetic_sample,2026-05-23T18:18:53.437771+00:00
2026-04-02,SAP.DE,150.70660668750926,152.2832982615807,150.12338464731994,151.69624639797703,151.69624639797703,3070178.0,synthetic_sample,2026-05-23T18:18:53.437771+00:00
2026-04-03,SAP.DE,150.8560761984853,154.59918549316896,149.6212386195138,153.34398306730483,153.34398306730483,3327141.0,synthetic_sample,2026-05-23T18:18:53.437771+00:00
2026-04-06,SAP.DE,152.74676041803406,154.54686523425133,145.24676389399608,146.97889501133105,146.97889501133105,6447747.0,synthetic_sample,2026-05-23T18:18:53.437771+00:00
2026-04-07,SAP.DE,146.82683553362605,149.5190626804354,146.56938697859098,149.25735241767154,149.25735241767154,3841464.0,synthetic_sample,2026-05-23T18:18:53.437771+00:00
2026-04-08,SAP.DE,149.2940838138648,150.9265937271731,148.6876136600267,150.3159724046148,150.3159724046148,3307766.0,synthetic_sample,2026-05-23T18:18:53.437771+00:00
2026-04-09,SAP.DE,149.59323434879752,150.8113479787408,148.7585936840546,149.97457963566325,149.97457963566325,1673249.0,synthetic_sample,2026-05-23T18:18:53.437771+00:00
2026-04-10,SAP.DE,150.12439581255342,151.44540467244775,145.16884078329235,146.45758379366703,146.45758379366703,4824564.0,synthetic_sample,2026-05-23T18:18:53.437771+00:00
2026-04-13,SAP.DE,146.76318708516456,147.66320626955942,145.55164269925524,146.44973968038371,146.44973968038371,2891423.0,synthetic_sample,2026-05-23T18:18:53.437771+00:00
2026-04-14,SAP.DE,146.32395432589777,149.93009069108055,145.52044005721808,149.11127032853702,149.11127032853702,2779605.0,synthetic_sample,2026-05-23T18:18:53.437771+00:00
2026-04-15,SAP.DE,147.82402272068393,148.39566890376048,147.79483072824533,148.36636980970314,148.36636980970314,2842431.0,synthetic_sample,2026-05-23T18:18:53.437771+00:00
2026-04-16,SAP.DE,148.42836034929442,149.15860262433162,148.21050139967122,148.9399927151912,148.9399927151912,4961596.0,synthetic_sample,2026-05-23T18:18:53.437771+00:00
2026-04-17,SAP.DE,150.02121372295275,151.22005425622083,149.0054638259822,150.2030730428195,150.2030730428195,3403930.0,synthetic_sample,2026-05-23T18:18:53.437771+00:00
2026-04-20,SAP.DE,150.47807874890285,151.78731338496937,149.88449654339507,151.19091927850397,151.19091927850397,2351271.0,synthetic_sample,2026-05-23T18:18:53.437771+00:00
2026-04-21,SAP.DE,151.20036791250914,151.90067015085694,149.0128176102165,149.7061994319951,149.7061994319951,3268849.0,synthetic_sample,2026-05-23T18:18:53.437771+00:00
2026-04-22,SAP.DE,149.4831672525194,150.3430700110199,145.80942608302973,146.6530485679148,146.6530485679148,2794316.0,synthetic_sample,2026-05-23T18:18:53.437771+00:00
2026-04-23,SAP.DE,146.99159289537297,149.2503730555755,144.18135416407557,146.4315279574424,146.4315279574424,3763528.0,synthetic_sample,2026-05-23T18:18:53.437771+00:00
2026-04-24,SAP.DE,146.55361801117928,147.1413091579876,144.13991188036425,144.7202510864622,144.7202510864622,3123228.0,synthetic_sample,2026-05-23T18:18:53.437771+00:00
2026-04-27,SAP.DE,145.12970055195927,148.3897802556858,143.4537707048823,146.6957657886948,146.6957657886948,2323669.0,synthetic_sample,2026-05-23T18:18:53.437771+00:00
2026-04-28,SAP.DE,146.05245490800738,149.86118982407967,144.40858577621623,148.19322560352862,148.19322560352862,3369786.0,synthetic_sample,2026-05-23T18:18:53.437771+00:00
2026-04-29,SAP.DE,148.26515017205776,150.0734861686671,146.89888073328524,148.70318026462917,148.70318026462917,3391501.0,synthetic_sample,2026-05-23T18:18:53.437771+00:00
2026-04-30,SAP.DE,148.42885520510941,149.5237964265157,148.041421887336,149.1345211589317,149.1345211589317,2514561.0,synthetic_sample,2026-05-23T18:18:53.437771+00:00
2026-05-01,SAP.DE,149.3561915786302,150.3342839393341,147.26988709688848,148.24067424330983,148.24067424330983,2107397.0,synthetic_sample,2026-05-23T18:18:53.437771+00:00
2026-05-04,SAP.DE,147.08702169491778,148.2549825034303,146.43424386940922,147.5999283784515,147.5999283784515,3691840.0,synthetic_sample,2026-05-23T18:18:53.437771+00:00
2026-05-05,SAP.DE,147.36806008156793,153.03941996676608,145.29640934464786,150.91786723211808,150.91786723211808,3206919.0,synthetic_sample,2026-05-23T18:18:53.437771+00:00
2026-05-06,SAP.DE,151.2453293008882,152.49252517365008,150.08941974696802,151.33592324525262,151.33592324525262,3259834.0,synthetic_sample,2026-05-23T18:18:53.437771+00:00
2026-05-07,SAP.DE,151.7619186674576,152.5430788941566,149.11094166213124,149.88242763289352,149.88242763289352,4145111.0,synthetic_sample,2026-05-23T18:18:53.437771+00:00
2026-05-08,SAP.DE,149.8641482975355,151.83331538343458,145.9638603352528,147.90731525947123,147.90731525947123,2118696.0,synthetic_sample,2026-05-23T18:18:53.437771+00:00
2026-05-11,SAP.DE,146.62915480200803,152.22279330505066,145.95612916258295,151.52728531941068,151.52728531941068,3492253.0,synthetic_sample,2026-05-23T18:18:53.437771+00:00
2026-05-12,SAP.DE,151.9160075937383,156.61481950654155,150.66931874022274,155.34003162213392,155.34003162213392,4059728.0,synthetic_sample,2026-05-23T18:18:53.437771+00:00
2026-05-13,SAP.DE,156.32435362366508,157.70151661006503,151.82382066474477,153.17322329291363,153.17322329291363,3286455.0,synthetic_sample,2026-05-23T18:18:53.437771+00:00
2026-05-14,SAP.DE,152.659306466045,156.27510626969672,151.5312279480901,155.12877953885138,155.12877953885138,2414359.0,synthetic_sample,2026-05-23T18:18:53.437771+00:00
2026-05-15,SAP.DE,154.8645186577535,155.72779147739934,151.74724672632618,152.59788447826128,152.59788447826128,2916149.0,synthetic_sample,2026-05-23T18:18:53.437771+00:00
2026-05-18,SAP.DE,153.09018999301068,156.13663626228902,151.65878357327497,154.6902689667765,154.6902689667765,3072850.0,synthetic_sample,2026-05-23T18:18:53.437771+00:00
2026-05-19,SAP.DE,155.20585007803783,155.7459987605209,151.6831176376158,152.21285005668227,152.21285005668227,2318051.0,synthetic_sample,2026-05-23T18:18:53.437771+00:00
2026-05-20,SAP.DE,152.88078132058422,154.47911670168875,150.4128153638642,152.00196288904226,152.00196288904226,3774678.0,synthetic_sample,2026-05-23T18:18:53.437771+00:00
2026-05-21,SAP.DE,152.61886822923617,153.36278496216815,151.31287329451553,152.05403684546846,152.05403684546846,3442756.0,synthetic_sample,2026-05-23T18:18:53.437771+00:00
2026-05-22,SAP.DE,151.1221210728118,152.837535574453,147.77973652931126,149.47647095916992,149.47647095916992,2929228.0,synthetic_sample,2026-05-23T18:18:53.437771+00:00
