ticker,company_name,sector,industry,country,exchange,index_membership,market_cap,market_cap_bucket,price,liquidity,source,updated_at,quality_flag
ENEL.MI,,,,Italy,,static_ftse_mib,,,,,latestcrosssection+universe_master,2026-05-22T14:27:45+00:00,PASS
ENI.MI,,,,Italy,,static_ftse_mib,,,,,latestcrosssection+universe_master,2026-05-22T14:27:45+00:00,PASS
ISP.MI,,,,Italy,,static_ftse_mib,,,,,latestcrosssection+universe_master,2026-05-22T14:27:45+00:00,PASS
A2A.MI,,,,Italy,,static_ftse_mib,,,,,latestcrosssection+universe_master,2026-05-22T14:27:45+00:00,PASS
AAPL,,,,,,static_sp500_core_sample,,,,,latestcrosssection+universe_master,2026-05-22T14:27:45+00:00,PASS
ABBV,,,,,,static_sp500_core_sample,,,,,latestcrosssection+universe_master,2026-05-22T14:27:45+00:00,PASS
AI.PA,,,,France,,static_euro_stoxx_50,,,,,latestcrosssection+universe_master,2026-05-22T14:27:45+00:00,PASS
AIR.PA,,,,France,,static_euro_stoxx_50,,,,,latestcrosssection+universe_master,2026-05-22T14:27:45+00:00,PASS
ALV.DE,,,,Germany,,static_euro_stoxx_50,,,,,latestcrosssection+universe_master,2026-05-22T14:27:45+00:00,PASS
AMP.MI,,,,Italy,,static_ftse_mib,,,,,latestcrosssection+universe_master,2026-05-22T14:27:45+00:00,PASS
AMZN,,,,,,static_sp500_core_sample,,,,,latestcrosssection+universe_master,2026-05-22T14:27:45+00:00,PASS
ASML.AS,,,,Netherlands,,static_euro_stoxx_50,,,,,latestcrosssection+universe_master,2026-05-22T14:27:45+00:00,PASS
ATL.MI,,,,Italy,,static_ftse_mib,,,,,latestcrosssection+universe_master,2026-05-22T14:27:45+00:00,PASS
AVGO,,,,,,static_sp500_core_sample,,,,,latestcrosssection+universe_master,2026-05-22T14:27:45+00:00,PASS
AZM.MI,,,,Italy,,static_ftse_mib,,,,,latestcrosssection+universe_master,2026-05-22T14:27:45+00:00,PASS
BAMI.MI,,,,Italy,,static_ftse_mib,,,,,latestcrosssection+universe_master,2026-05-22T14:27:45+00:00,PASS
BMED.MI,,,,Italy,,static_ftse_mib,,,,,latestcrosssection+universe_master,2026-05-22T14:27:45+00:00,PASS
BMPS.MI,,,,Italy,,static_ftse_mib,,,,,latestcrosssection+universe_master,2026-05-22T14:27:45+00:00,PASS
BNP.PA,,,,France,,static_euro_stoxx_50,,,,,latestcrosssection+universe_master,2026-05-22T14:27:45+00:00,PASS
BPE.MI,,,,Italy,,static_ftse_mib,,,,,latestcrosssection+universe_master,2026-05-22T14:27:45+00:00,PASS
BRK-B,,,,,,static_sp500_core_sample,,,,,latestcrosssection+universe_master,2026-05-22T14:27:45+00:00,PASS
COST,,,,,,static_sp500_core_sample,,,,,latestcrosssection+universe_master,2026-05-22T14:27:45+00:00,PASS
CPR.MI,,,,Italy,,static_ftse_mib,,,,,latestcrosssection+universe_master,2026-05-22T14:27:45+00:00,PASS
CRM,,,,,,static_sp500_core_sample,,,,,latestcrosssection+universe_master,2026-05-22T14:27:45+00:00,PASS
DG.PA,,,,France,,static_euro_stoxx_50,,,,,latestcrosssection+universe_master,2026-05-22T14:27:45+00:00,PASS
DIA.MI,,,,Italy,,static_ftse_mib,,,,,latestcrosssection+universe_master,2026-05-22T14:27:45+00:00,PASS
DTE.DE,,,,Germany,,static_euro_stoxx_50,,,,,latestcrosssection+universe_master,2026-05-22T14:27:45+00:00,PASS
EL.PA,,,,France,,static_euro_stoxx_50,,,,,latestcrosssection+universe_master,2026-05-22T14:27:45+00:00,PASS
ERG.MI,,,,Italy,,static_ftse_mib,,,,,latestcrosssection+universe_master,2026-05-22T14:27:45+00:00,PASS
FBK.MI,,,,Italy,,static_ftse_mib,,,,,latestcrosssection+universe_master,2026-05-22T14:27:45+00:00,PASS
G.MI,,,,Italy,,static_ftse_mib,,,,,latestcrosssection+universe_master,2026-05-22T14:27:45+00:00,PASS
GOOGL,,,,,,static_sp500_core_sample,,,,,latestcrosssection+universe_master,2026-05-22T14:27:45+00:00,PASS
HD,,,,,,static_sp500_core_sample,,,,,latestcrosssection+universe_master,2026-05-22T14:27:45+00:00,PASS
HER.MI,,,,Italy,,static_ftse_mib,,,,,latestcrosssection+universe_master,2026-05-22T14:27:45+00:00,PASS
IBE.MC,,,,Spain,,static_euro_stoxx_50,,,,,latestcrosssection+universe_master,2026-05-22T14:27:45+00:00,PASS
IG.MI,,,,Italy,,static_ftse_mib,,,,,latestcrosssection+universe_master,2026-05-22T14:27:45+00:00,PASS
INW.MI,,,,Italy,,static_ftse_mib,,,,,latestcrosssection+universe_master,2026-05-22T14:27:45+00:00,PASS
ITX.MC,,,,Spain,,static_euro_stoxx_50,,,,,latestcrosssection+universe_master,2026-05-22T14:27:45+00:00,PASS
IVG.MI,,,,Italy,,static_ftse_mib,,,,,latestcrosssection+universe_master,2026-05-22T14:27:45+00:00,PASS
JPM,,,,,,static_sp500_core_sample,,,,,latestcrosssection+universe_master,2026-05-22T14:27:45+00:00,PASS
LDO.MI,,,,Italy,,static_ftse_mib,,,,,latestcrosssection+universe_master,2026-05-22T14:27:45+00:00,PASS
LLY,,,,,,static_sp500_core_sample,,,,,latestcrosssection+universe_master,2026-05-22T14:27:45+00:00,PASS
MA,,,,,,static_sp500_core_sample,,,,,latestcrosssection+universe_master,2026-05-22T14:27:45+00:00,PASS
MB.MI,,,,Italy,,static_ftse_mib,,,,,latestcrosssection+universe_master,2026-05-22T14:27:45+00:00,PASS
MC.PA,,,,France,,static_euro_stoxx_50,,,,,latestcrosssection+universe_master,2026-05-22T14:27:45+00:00,PASS
META,,,,,,static_sp500_core_sample,,,,,latestcrosssection+universe_master,2026-05-22T14:27:45+00:00,PASS
MONC.MI,,,,Italy,,static_ftse_mib,,,,,latestcrosssection+universe_master,2026-05-22T14:27:45+00:00,PASS
MRK,,,,,,static_sp500_core_sample,,,,,latestcrosssection+universe_master,2026-05-22T14:27:45+00:00,PASS
MSFT,,,,,,static_sp500_core_sample,,,,,latestcrosssection+universe_master,2026-05-22T14:27:45+00:00,PASS
NEXI.MI,,,,Italy,,static_ftse_mib,,,,,latestcrosssection+universe_master,2026-05-22T14:27:45+00:00,PASS
NVDA,,,,,,static_sp500_core_sample,,,,,latestcrosssection+universe_master,2026-05-22T14:27:45+00:00,PASS
OR.PA,,,,France,,static_euro_stoxx_50,,,,,latestcrosssection+universe_master,2026-05-22T14:27:45+00:00,PASS
PG,,,,,,static_sp500_core_sample,,,,,latestcrosssection+universe_master,2026-05-22T14:27:45+00:00,PASS
PIRC.MI,,,,Italy,,static_ftse_mib,,,,,latestcrosssection+universe_master,2026-05-22T14:27:45+00:00,PASS
PRY.MI,,,,Italy,,static_ftse_mib,,,,,latestcrosssection+universe_master,2026-05-22T14:27:45+00:00,PASS
PST.MI,,,,Italy,,static_ftse_mib,,,,,latestcrosssection+universe_master,2026-05-22T14:27:45+00:00,PASS
RACE.MI,,,,Italy,,static_ftse_mib,,,,,latestcrosssection+universe_master,2026-05-22T14:27:45+00:00,PASS
REC.MI,,,,Italy,,static_ftse_mib,,,,,latestcrosssection+universe_master,2026-05-22T14:27:45+00:00,PASS
SAN.PA,,,,France,,static_euro_stoxx_50,,,,,latestcrosssection+universe_master,2026-05-22T14:27:45+00:00,PASS
SAP.DE,,,,Germany,,static_euro_stoxx_50,,,,,latestcrosssection+universe_master,2026-05-22T14:27:45+00:00,PASS
SIE.DE,,,,Germany,,static_euro_stoxx_50,,,,,latestcrosssection+universe_master,2026-05-22T14:27:45+00:00,PASS
SRG.MI,,,,Italy,,static_ftse_mib,,,,,latestcrosssection+universe_master,2026-05-22T14:27:45+00:00,PASS
STLAM.MI,,,,Italy,,static_ftse_mib,,,,,latestcrosssection+universe_master,2026-05-22T14:27:45+00:00,PASS
STM.MI,,,,Italy,,static_ftse_mib,,,,,latestcrosssection+universe_master,2026-05-22T14:27:45+00:00,PASS
SU.PA,,,,France,,static_euro_stoxx_50,,,,,latestcrosssection+universe_master,2026-05-22T14:27:45+00:00,PASS
TEN.MI,,,,Italy,,static_ftse_mib,,,,,latestcrosssection+universe_master,2026-05-22T14:27:45+00:00,PASS
TIT.MI,,,,Italy,,static_ftse_mib,,,,,latestcrosssection+universe_master,2026-05-22T14:27:45+00:00,PASS
TRN.MI,,,,Italy,,static_ftse_mib,,,,,latestcrosssection+universe_master,2026-05-22T14:27:45+00:00,PASS
TTE.PA,,,,France,,static_euro_stoxx_50,,,,,latestcrosssection+universe_master,2026-05-22T14:27:45+00:00,PASS
UCG.MI,,,,Italy,,static_ftse_mib,,,,,latestcrosssection+universe_master,2026-05-22T14:27:45+00:00,PASS
UNH,,,,,,static_sp500_core_sample,,,,,latestcrosssection+universe_master,2026-05-22T14:27:45+00:00,PASS
UNI.MI,,,,Italy,,static_ftse_mib,,,,,latestcrosssection+universe_master,2026-05-22T14:27:45+00:00,PASS
V,,,,,,static_sp500_core_sample,,,,,latestcrosssection+universe_master,2026-05-22T14:27:45+00:00,PASS
XOM,,,,,,static_sp500_core_sample,,,,,latestcrosssection+universe_master,2026-05-22T14:27:45+00:00,PASS
