screener_rank,ticker,screener_score,universe_source,updated_at,source_count,is_etf,is_adr,index_membership,country,company_name,fundamental_matched,scenario_downside,robustness_status
1,ENEL.MI,0.0,static_ftse_mib,2026-05-20T01:50:41+00:00,2,False,False,static_ftse_mib,Italy,,,,WARN
2,ENI.MI,0.0,static_ftse_mib,2026-05-20T01:50:41+00:00,2,False,False,static_ftse_mib,Italy,,,,WARN
3,ISP.MI,0.0,static_ftse_mib,2026-05-20T01:50:41+00:00,2,False,False,static_ftse_mib,Italy,,,,WARN
4,A2A.MI,0.0,static_ftse_mib,2026-05-20T01:50:41+00:00,1,False,False,static_ftse_mib,Italy,,,,WARN
5,AAPL,0.0,static_sp500_core_sample,2026-05-20T01:50:41+00:00,1,False,False,static_sp500_core_sample,,,,,WARN
6,ABBV,0.0,static_sp500_core_sample,2026-05-20T01:50:41+00:00,1,False,False,static_sp500_core_sample,,,,,WARN
7,AI.PA,0.0,static_euro_stoxx_50,2026-05-20T01:50:41+00:00,1,False,False,static_euro_stoxx_50,France,,,,WARN
8,AIR.PA,0.0,static_euro_stoxx_50,2026-05-20T01:50:41+00:00,1,False,False,static_euro_stoxx_50,France,,,,WARN
9,ALV.DE,0.0,static_euro_stoxx_50,2026-05-20T01:50:41+00:00,1,False,False,static_euro_stoxx_50,Germany,,,,WARN
10,AMP.MI,0.0,static_ftse_mib,2026-05-20T01:50:41+00:00,1,False,False,static_ftse_mib,Italy,,,,WARN
11,AMZN,0.0,static_sp500_core_sample,2026-05-20T01:50:41+00:00,1,False,False,static_sp500_core_sample,,,,,WARN
12,ASML.AS,0.0,static_euro_stoxx_50,2026-05-20T01:50:41+00:00,1,False,False,static_euro_stoxx_50,Netherlands,,,,WARN
13,ATL.MI,0.0,static_ftse_mib,2026-05-20T01:50:41+00:00,1,False,False,static_ftse_mib,Italy,,,,WARN
14,AVGO,0.0,static_sp500_core_sample,2026-05-20T01:50:41+00:00,1,False,False,static_sp500_core_sample,,,,,WARN
15,AZM.MI,0.0,static_ftse_mib,2026-05-20T01:50:41+00:00,1,False,False,static_ftse_mib,Italy,,,,WARN
16,BAMI.MI,0.0,static_ftse_mib,2026-05-20T01:50:41+00:00,1,False,False,static_ftse_mib,Italy,,,,WARN
17,BMED.MI,0.0,static_ftse_mib,2026-05-20T01:50:41+00:00,1,False,False,static_ftse_mib,Italy,,,,WARN
18,BMPS.MI,0.0,static_ftse_mib,2026-05-20T01:50:41+00:00,1,False,False,static_ftse_mib,Italy,,,,WARN
19,BNP.PA,0.0,static_euro_stoxx_50,2026-05-20T01:50:41+00:00,1,False,False,static_euro_stoxx_50,France,,,,WARN
20,BPE.MI,0.0,static_ftse_mib,2026-05-20T01:50:41+00:00,1,False,False,static_ftse_mib,Italy,,,,WARN
21,BRK-B,0.0,static_sp500_core_sample,2026-05-20T01:50:41+00:00,1,False,False,static_sp500_core_sample,,,,,WARN
22,COST,0.0,static_sp500_core_sample,2026-05-20T01:50:41+00:00,1,False,False,static_sp500_core_sample,,,,,WARN
23,CPR.MI,0.0,static_ftse_mib,2026-05-20T01:50:41+00:00,1,False,False,static_ftse_mib,Italy,,,,WARN
24,CRM,0.0,static_sp500_core_sample,2026-05-20T01:50:41+00:00,1,False,False,static_sp500_core_sample,,,,,WARN
25,DG.PA,0.0,static_euro_stoxx_50,2026-05-20T01:50:41+00:00,1,False,False,static_euro_stoxx_50,France,,,,WARN
26,DIA.MI,0.0,static_ftse_mib,2026-05-20T01:50:41+00:00,1,False,False,static_ftse_mib,Italy,,,,WARN
27,DTE.DE,0.0,static_euro_stoxx_50,2026-05-20T01:50:41+00:00,1,False,False,static_euro_stoxx_50,Germany,,,,WARN
28,EL.PA,0.0,static_euro_stoxx_50,2026-05-20T01:50:41+00:00,1,False,False,static_euro_stoxx_50,France,,,,WARN
29,ERG.MI,0.0,static_ftse_mib,2026-05-20T01:50:41+00:00,1,False,False,static_ftse_mib,Italy,,,,WARN
30,FBK.MI,0.0,static_ftse_mib,2026-05-20T01:50:41+00:00,1,False,False,static_ftse_mib,Italy,,,,WARN
31,G.MI,0.0,static_ftse_mib,2026-05-20T01:50:41+00:00,1,False,False,static_ftse_mib,Italy,,,,WARN
32,GOOGL,0.0,static_sp500_core_sample,2026-05-20T01:50:41+00:00,1,False,False,static_sp500_core_sample,,,,,WARN
33,HD,0.0,static_sp500_core_sample,2026-05-20T01:50:41+00:00,1,False,False,static_sp500_core_sample,,,,,WARN
34,HER.MI,0.0,static_ftse_mib,2026-05-20T01:50:41+00:00,1,False,False,static_ftse_mib,Italy,,,,WARN
35,IBE.MC,0.0,static_euro_stoxx_50,2026-05-20T01:50:41+00:00,1,False,False,static_euro_stoxx_50,Spain,,,,WARN
36,IG.MI,0.0,static_ftse_mib,2026-05-20T01:50:41+00:00,1,False,False,static_ftse_mib,Italy,,,,WARN
37,INW.MI,0.0,static_ftse_mib,2026-05-20T01:50:41+00:00,1,False,False,static_ftse_mib,Italy,,,,WARN
38,ITX.MC,0.0,static_euro_stoxx_50,2026-05-20T01:50:41+00:00,1,False,False,static_euro_stoxx_50,Spain,,,,WARN
39,IVG.MI,0.0,static_ftse_mib,2026-05-20T01:50:41+00:00,1,False,False,static_ftse_mib,Italy,,,,WARN
40,JPM,0.0,static_sp500_core_sample,2026-05-20T01:50:41+00:00,1,False,False,static_sp500_core_sample,,,,,WARN
41,LDO.MI,0.0,static_ftse_mib,2026-05-20T01:50:41+00:00,1,False,False,static_ftse_mib,Italy,,,,WARN
42,LLY,0.0,static_sp500_core_sample,2026-05-20T01:50:41+00:00,1,False,False,static_sp500_core_sample,,,,,WARN
43,MA,0.0,static_sp500_core_sample,2026-05-20T01:50:41+00:00,1,False,False,static_sp500_core_sample,,,,,WARN
44,MB.MI,0.0,static_ftse_mib,2026-05-20T01:50:41+00:00,1,False,False,static_ftse_mib,Italy,,,,WARN
45,MC.PA,0.0,static_euro_stoxx_50,2026-05-20T01:50:41+00:00,1,False,False,static_euro_stoxx_50,France,,,,WARN
46,META,0.0,static_sp500_core_sample,2026-05-20T01:50:41+00:00,1,False,False,static_sp500_core_sample,,,,,WARN
47,MONC.MI,0.0,static_ftse_mib,2026-05-20T01:50:41+00:00,1,False,False,static_ftse_mib,Italy,,,,WARN
48,MRK,0.0,static_sp500_core_sample,2026-05-20T01:50:41+00:00,1,False,False,static_sp500_core_sample,,,,,WARN
49,MSFT,0.0,static_sp500_core_sample,2026-05-20T01:50:41+00:00,1,False,False,static_sp500_core_sample,,,,,WARN
50,NEXI.MI,0.0,static_ftse_mib,2026-05-20T01:50:41+00:00,1,False,False,static_ftse_mib,Italy,,,,WARN
51,NVDA,0.0,static_sp500_core_sample,2026-05-20T01:50:41+00:00,1,False,False,static_sp500_core_sample,,,,,WARN
52,OR.PA,0.0,static_euro_stoxx_50,2026-05-20T01:50:41+00:00,1,False,False,static_euro_stoxx_50,France,,,,WARN
53,PG,0.0,static_sp500_core_sample,2026-05-20T01:50:41+00:00,1,False,False,static_sp500_core_sample,,,,,WARN
54,PIRC.MI,0.0,static_ftse_mib,2026-05-20T01:50:41+00:00,1,False,False,static_ftse_mib,Italy,,,,WARN
55,PRY.MI,0.0,static_ftse_mib,2026-05-20T01:50:41+00:00,1,False,False,static_ftse_mib,Italy,,,,WARN
56,PST.MI,0.0,static_ftse_mib,2026-05-20T01:50:41+00:00,1,False,False,static_ftse_mib,Italy,,,,WARN
57,RACE.MI,0.0,static_ftse_mib,2026-05-20T01:50:41+00:00,1,False,False,static_ftse_mib,Italy,,,,WARN
58,REC.MI,0.0,static_ftse_mib,2026-05-20T01:50:41+00:00,1,False,False,static_ftse_mib,Italy,,,,WARN
59,SAN.PA,0.0,static_euro_stoxx_50,2026-05-20T01:50:41+00:00,1,False,False,static_euro_stoxx_50,France,,,,WARN
60,SAP.DE,0.0,static_euro_stoxx_50,2026-05-20T01:50:41+00:00,1,False,False,static_euro_stoxx_50,Germany,,,,WARN
61,SIE.DE,0.0,static_euro_stoxx_50,2026-05-20T01:50:41+00:00,1,False,False,static_euro_stoxx_50,Germany,,,,WARN
62,SRG.MI,0.0,static_ftse_mib,2026-05-20T01:50:41+00:00,1,False,False,static_ftse_mib,Italy,,,,WARN
63,STLAM.MI,0.0,static_ftse_mib,2026-05-20T01:50:41+00:00,1,False,False,static_ftse_mib,Italy,,,,WARN
64,STM.MI,0.0,static_ftse_mib,2026-05-20T01:50:41+00:00,1,False,False,static_ftse_mib,Italy,,,,WARN
65,SU.PA,0.0,static_euro_stoxx_50,2026-05-20T01:50:41+00:00,1,False,False,static_euro_stoxx_50,France,,,,WARN
66,TEN.MI,0.0,static_ftse_mib,2026-05-20T01:50:41+00:00,1,False,False,static_ftse_mib,Italy,,,,WARN
67,TIT.MI,0.0,static_ftse_mib,2026-05-20T01:50:41+00:00,1,False,False,static_ftse_mib,Italy,,,,WARN
68,TRN.MI,0.0,static_ftse_mib,2026-05-20T01:50:41+00:00,1,False,False,static_ftse_mib,Italy,,,,WARN
69,TTE.PA,0.0,static_euro_stoxx_50,2026-05-20T01:50:41+00:00,1,False,False,static_euro_stoxx_50,France,,,,WARN
70,UCG.MI,0.0,static_ftse_mib,2026-05-20T01:50:41+00:00,1,False,False,static_ftse_mib,Italy,,,,WARN
71,UNH,0.0,static_sp500_core_sample,2026-05-20T01:50:41+00:00,1,False,False,static_sp500_core_sample,,,,,WARN
72,UNI.MI,0.0,static_ftse_mib,2026-05-20T01:50:41+00:00,1,False,False,static_ftse_mib,Italy,,,,WARN
73,V,0.0,static_sp500_core_sample,2026-05-20T01:50:41+00:00,1,False,False,static_sp500_core_sample,,,,,WARN
74,XOM,0.0,static_sp500_core_sample,2026-05-20T01:50:41+00:00,1,False,False,static_sp500_core_sample,,,,,WARN
